date,Ls
1950-01-01,45.025
1950-02-01,47.123
1950-03-01,48.978
1950-04-01,50.994
1950-05-01,52.908
1950-06-01,54.851
1950-07-01,56.701
1950-08-01,58.584
1950-09-01,60.44
1950-10-01,62.214
1950-11-01,64.025
1950-12-01,65.758
1951-01-01,67.533
1951-02-01,69.291
1951-03-01,70.868
1951-04-01,72.603
1951-05-01,74.272
1951-06-01,75.989
1951-07-01,77.645
1951-08-01,79.351
1951-09-01,81.054
1951-10-01,82.701
1951-11-01,84.404
1951-12-01,86.053
1952-01-01,87.762
1952-02-01,89.476
1952-03-01,91.086
1952-04-01,92.816
1952-05-01,94.501
1952-06-01,96.255
1952-07-01,97.966
1952-08-01,99.75
1952-09-01,101.554
1952-10-01,103.319
1952-11-01,105.166
1952-12-01,106.978
1953-01-01,108.878
1953-02-01,110.81
1953-03-01,112.583
1953-04-01,114.582
1953-05-01,116.555
1953-06-01,118.635
1953-07-01,120.694
1953-08-01,122.872
1953-09-01,125.105
1953-10-01,127.324
1953-11-01,129.681
1953-12-01,132.03
1954-01-01,134.534
1954-02-01,137.121
1954-03-01,139.536
1954-04-01,142.304
1954-05-01,145.084
1954-06-01,148.072
1954-07-01,151.084
1954-08-01,154.333
1954-09-01,157.732
1954-10-01,161.178
1954-11-01,164.914
1954-12-01,168.715
1955-01-01,172.851
1955-02-01,177.215
1955-03-01,181.37
1955-04-01,186.222
1955-05-01,191.186
1955-06-01,196.611
1955-07-01,202.16
1955-08-01,208.213
1955-09-01,214.594
1955-10-01,221.077
1955-11-01,228.08
1955-12-01,235.125
1956-01-01,242.64
1956-02-01,250.341
1956-03-01,257.654
1956-04-01,265.515
1956-05-01,273.094
1956-06-01,280.822
1956-07-01,288.136
1956-08-01,295.468
1956-09-01,302.525
1956-10-01,309.065
1956-11-01,315.507
1956-12-01,321.429
1957-01-01,327.228
1957-02-01,332.71
1957-03-01,337.402
1957-04-01,342.323
1957-05-01,346.829
1957-06-01,351.238
1957-07-01,355.284
1957-08-01,359.253
1957-09-01,3.023
1957-10-01,6.499
1957-11-01,9.925
1957-12-01,13.094
1958-01-01,16.229
1958-02-01,19.233
1958-03-01,21.843
1958-04-01,24.626
1958-05-01,27.219
1958-06-01,29.802
1958-07-01,32.214
1958-08-01,34.618
1958-09-01,36.934
1958-10-01,39.085
1958-11-01,41.197
1958-12-01,43.083
1959-01-01,44.671
1959-02-01,45.686
1959-03-01,54.493
1959-04-01,57.735
1959-05-01,59.539
1959-06-01,61.123
1959-07-01,62.557
1959-08-01,63.987
1959-09-01,65.388
1959-10-01,66.727
1959-11-01,68.099
1959-12-01,69.42
1960-01-01,70.784
1960-02-01,72.149
1960-03-01,73.43
1960-04-01,74.808
1960-05-01,76.151
1960-06-01,77.552
1960-07-01,78.925
1960-08-01,80.363
1960-09-01,81.826
1960-10-01,83.268
1960-11-01,84.79
1960-12-01,86.298
1961-01-01,87.897
1961-02-01,89.543
1961-03-01,91.077
1961-04-01,92.832
1961-05-01,94.595
1961-06-01,96.494
1961-07-01,98.416
1961-08-01,100.502
1961-09-01,102.703
1961-10-01,104.961
1961-11-01,107.447
1961-12-01,110.026
1962-01-01,112.902
1962-02-01,116.033
1962-03-01,119.124
1962-04-01,122.898
1962-05-01,126.984
1962-06-01,131.769
1962-07-01,137.093
1962-08-01,143.532
1962-09-01,151.244
1962-10-01,160.359
1962-11-01,172.148
1962-12-01,186.712
1963-01-01,206.01
1963-02-01,229.938
1963-03-01,254.028
1963-04-01,279.79
1963-05-01,300.911
1963-06-01,318.149
1963-07-01,331.14
1963-08-01,341.744
1963-09-01,350.285
1963-10-01,357.124
1963-11-01,3.103
1963-12-01,8.088
1964-01-01,12.599
1964-02-01,16.598
1964-03-01,19.966
1964-04-01,23.241
1964-05-01,26.143
1964-06-01,28.913
1964-07-01,31.406
1964-08-01,33.816
1964-09-01,36.082
1964-10-01,38.156
1964-11-01,40.193
1964-12-01,42.074
1965-01-01,43.936
1965-02-01,45.725
1965-03-01,47.285
1965-04-01,48.958
1965-05-01,50.529
1965-06-01,52.108
1965-07-01,53.599
1965-08-01,55.105
1965-09-01,56.581
1965-10-01,57.984
1965-11-01,59.411
1965-12-01,60.774
1966-01-01,62.166
1966-02-01,63.544
1966-03-01,64.781
1966-04-01,66.142
1966-05-01,67.454
1966-06-01,68.807
1966-07-01,70.117
1966-08-01,71.472
1966-09-01,72.833
1966-10-01,74.157
1966-11-01,75.536
1966-12-01,76.883
1967-01-01,78.29
1967-02-01,79.717
1967-03-01,81.026
1967-04-01,82.499
1967-05-01,83.954
1967-06-01,85.491
1967-07-01,87.015
1967-08-01,88.633
1967-09-01,90.302
1967-10-01,91.97
1967-11-01,93.757
1967-12-01,95.556
1968-01-01,97.496
1968-02-01,99.529
1968-03-01,101.529
1968-04-01,103.787
1968-05-01,106.107
1968-06-01,108.667
1968-07-01,111.33
1968-08-01,114.307
1968-09-01,117.559
1968-10-01,121.022
1968-11-01,125.0
1968-12-01,129.33
1969-01-01,134.433
1969-02-01,140.36
1969-03-01,146.641
1969-04-01,154.971
1969-05-01,164.903
1969-06-01,177.848
1969-07-01,193.89
1969-08-01,214.941
1969-09-01,240.168
1969-10-01,265.885
1969-11-01,289.966
1969-12-01,308.963
1970-01-01,324.321
1970-02-01,336.304
1970-03-01,345.005
1970-04-01,352.93
1970-05-01,359.334
1970-06-01,4.977
1970-07-01,9.714
1970-08-01,14.026
1970-09-01,17.868
1970-10-01,21.224
1970-11-01,24.385
1970-12-01,27.197
1971-01-01,29.89
1971-02-01,32.398
1971-03-01,34.528
1971-04-01,36.756
1971-05-01,38.8
1971-06-01,40.809
1971-07-01,42.668
1971-08-01,44.511
1971-09-01,46.284
1971-10-01,47.941
1971-11-01,49.6
1971-12-01,51.159
1972-01-01,52.728
1972-02-01,54.26
1972-03-01,55.663
1972-04-01,57.134
1972-05-01,58.534
1972-06-01,59.96
1972-07-01,61.322
1972-08-01,62.714
1972-09-01,64.093
1972-10-01,65.419
1972-11-01,66.782
1972-12-01,68.097
1973-01-01,69.454
1973-02-01,70.811
1973-03-01,72.041
1973-04-01,73.407
1973-05-01,74.737
1973-06-01,76.123
1973-07-01,77.477
1973-08-01,78.893
1973-09-01,80.329
1973-10-01,81.741
1973-11-01,83.227
1973-12-01,84.694
1974-01-01,86.246
1974-02-01,87.838
1974-03-01,89.315
1974-04-01,91.0
1974-05-01,92.685
1974-06-01,94.491
1974-07-01,96.31
1974-08-01,98.272
1974-09-01,100.331
1974-10-01,102.429
1974-11-01,104.722
1974-12-01,107.081
1975-01-01,109.687
1975-02-01,112.494
1975-03-01,115.233
1975-04-01,118.535
1975-05-01,122.054
1975-06-01,126.101
1975-07-01,130.51
1975-08-01,135.712
1975-09-01,141.762
1975-10-01,148.68
1975-11-01,157.311
1975-12-01,167.621
1976-01-01,181.065
1976-02-01,198.292
1976-03-01,218.459
1976-04-01,243.674
1976-05-01,268.87
1976-06-01,292.156
1976-07-01,310.472
1976-08-01,325.327
1976-09-01,336.98
1976-10-01,346.031
1976-11-01,353.714
1976-12-01,359.953
1977-01-01,5.472
1977-02-01,10.266
1977-03-01,14.106
1977-04-01,17.922
1977-05-01,21.259
1977-06-01,24.406
1977-07-01,27.208
1977-08-01,29.891
1977-09-01,32.393
1977-10-01,34.665
1977-11-01,36.88
1977-12-01,38.913
1978-01-01,40.913
1978-02-01,42.824
1978-03-01,44.483
1978-04-01,46.253
1978-05-01,47.907
1978-06-01,49.563
1978-07-01,51.12
1978-08-01,52.687
1978-09-01,54.217
1978-10-01,55.665
1978-11-01,57.134
1978-12-01,58.531
1979-01-01,59.954
1979-02-01,61.358
1979-03-01,62.613
1979-04-01,63.991
1979-05-01,65.315
1979-06-01,66.677
1979-07-01,67.99
1979-08-01,69.344
1979-09-01,70.7
1979-10-01,72.014
1979-11-01,73.378
1979-12-01,74.706
1980-01-01,76.09
1980-02-01,77.487
1980-03-01,78.809
1980-04-01,80.242
1980-05-01,81.65
1980-06-01,83.132
1980-07-01,84.596
1980-08-01,86.142
1980-09-01,87.729
1980-10-01,89.307
1980-11-01,90.988
1980-12-01,92.669
1981-01-01,94.471
1981-02-01,96.346
1981-03-01,98.112
1981-04-01,100.158
1981-05-01,102.241
1981-06-01,104.515
1981-07-01,106.853
1981-08-01,109.434
1981-09-01,112.21
1981-10-01,115.117
1981-11-01,118.393
1981-12-01,121.881
1982-01-01,125.886
1982-02-01,130.397
1982-03-01,135.019
1982-04-01,140.911
1982-05-01,147.622
1982-06-01,155.952
1982-07-01,165.852
1982-08-01,178.691
1982-09-01,195.094
1982-10-01,215.095
1982-11-01,239.656
1982-12-01,264.751
1983-01-01,288.47
1983-02-01,307.947
1983-03-01,321.925
1983-04-01,334.209
1983-05-01,343.716
1983-06-01,351.751
1983-07-01,358.25
1983-08-01,3.976
1983-09-01,8.933
1983-10-01,13.158
1983-11-01,17.054
1983-12-01,20.456
1984-01-01,23.66
1984-02-01,26.599
1984-03-01,29.148
1984-04-01,31.691
1984-05-01,33.998
1984-06-01,36.245
1984-07-01,38.305
1984-08-01,40.33
1984-09-01,42.263
1984-10-01,44.057
1984-11-01,45.84
1984-12-01,47.506
1985-01-01,49.173
1985-02-01,50.791
1985-03-01,52.215
1985-04-01,53.755
1985-05-01,55.212
1985-06-01,56.689
1985-07-01,58.093
1985-08-01,59.522
1985-09-01,60.932
1985-10-01,62.281
1985-11-01,63.662
1985-12-01,64.989
1986-01-01,66.352
1986-02-01,67.71
1986-03-01,68.935
1986-04-01,70.291
1986-05-01,71.605
1986-06-01,72.968
1986-07-01,74.295
1986-08-01,75.675
1986-09-01,77.069
1986-10-01,78.433
1986-11-01,79.862
1986-12-01,81.265
1987-01-01,82.742
1987-02-01,84.248
1987-03-01,85.637
1987-04-01,87.212
1987-05-01,88.778
1987-06-01,90.444
1987-07-01,92.109
1987-08-01,93.892
1987-09-01,95.747
1987-10-01,97.618
1987-11-01,99.643
1987-12-01,101.702
1988-01-01,103.949
1988-02-01,106.336
1988-03-01,108.716
1988-04-01,111.443
1988-05-01,114.294
1988-06-01,117.501
1988-07-01,120.909
1988-08-01,124.813
1988-09-01,129.2
1988-10-01,134.024
1988-11-01,139.776
1988-12-01,146.311
1989-01-01,154.403
1989-02-01,164.352
1989-03-01,175.521
1989-04-01,191.148
1989-05-01,210.345
1989-06-01,234.388
1989-07-01,259.696
1989-08-01,284.273
1989-09-01,304.742
1989-10-01,320.395
1989-11-01,333.089
1989-12-01,342.873
1990-01-01,351.109
1990-02-01,357.951
1990-03-01,3.23
1990-04-01,8.312
1990-05-01,12.631
1990-06-01,16.603
1990-07-01,20.063
1990-08-01,23.316
1990-09-01,26.296
1990-10-01,28.962
1990-11-01,31.528
1990-12-01,33.853
1991-01-01,36.117
1991-02-01,38.257
1991-03-01,40.098
1991-04-01,42.047
1991-05-01,43.855
1991-06-01,45.651
1991-07-01,47.327
1991-08-01,49.004
1991-09-01,50.63
1991-10-01,52.162
1991-11-01,53.706
1991-12-01,55.167
1992-01-01,56.648
1992-02-01,58.102
1992-03-01,59.441
1992-04-01,60.854
1992-05-01,62.206
1992-06-01,63.59
1992-07-01,64.919
1992-08-01,66.285
1992-09-01,67.645
1992-10-01,68.959
1992-11-01,70.317
1992-12-01,71.633
1993-01-01,72.998
1993-02-01,74.371
1993-03-01,75.62
1993-04-01,77.015
1993-05-01,78.38
1993-06-01,79.81
1993-07-01,81.214
1993-08-01,82.691
1993-09-01,84.198
1993-10-01,85.688
1993-11-01,87.267
1993-12-01,88.836
1994-01-01,90.506
1994-02-01,92.232
1994-03-01,93.845
1994-04-01,95.699
1994-05-01,97.571
1994-06-01,99.595
1994-07-01,101.655
1994-08-01,103.902
1994-09-01,106.288
1994-10-01,108.752
1994-11-01,111.484
1994-12-01,114.341
1995-01-01,117.556
1995-02-01,121.092
1995-03-01,124.621
1995-04-01,128.987
1995-05-01,133.785
1995-06-01,139.502
1995-07-01,145.992
1995-08-01,154.021
1995-09-01,163.883
1995-10-01,175.83
1995-11-01,191.548
1995-12-01,210.847
1996-01-01,234.968
1996-02-01,261.106
1996-03-01,284.029
1996-04-01,304.533
1996-05-01,320.218
1996-06-01,332.938
1996-07-01,342.741
1996-08-01,350.992
1996-09-01,357.845
1996-10-01,3.482
1996-11-01,8.525
1996-12-01,12.814
1997-01-01,16.761
1997-02-01,20.311
1997-03-01,23.238
1997-04-01,26.219
1997-05-01,28.887
1997-06-01,31.453
1997-07-01,33.778
1997-08-01,36.041
1997-09-01,38.181
1997-10-01,40.15
1997-11-01,42.093
1997-12-01,43.894
1998-01-01,45.684
1998-02-01,47.41
1998-03-01,48.92
1998-04-01,50.545
1998-05-01,52.074
1998-06-01,53.616
1998-07-01,55.075
1998-08-01,56.553
1998-09-01,58.004
1998-10-01,59.387
1998-11-01,60.797
1998-12-01,62.145
1999-01-01,63.525
1999-02-01,64.895
1999-03-01,66.125
1999-04-01,67.482
1999-05-01,68.792
1999-06-01,70.146
1999-07-01,71.458
1999-08-01,72.819
1999-09-01,74.187
1999-10-01,75.52
1999-11-01,76.911
1999-12-01,78.272
2000-01-01,79.697
2000-02-01,81.145
2000-03-01,82.522
2000-04-01,84.023
2000-05-01,85.508
2000-06-01,87.079
2000-07-01,88.642
2000-08-01,90.305
2000-09-01,92.023
2000-10-01,93.746
2000-11-01,95.597
2000-12-01,97.465
2001-01-01,99.486
2001-02-01,101.613
2001-03-01,103.638
2001-04-01,106.012
2001-05-01,108.462
2001-06-01,111.18
2001-07-01,114.021
2001-08-01,117.217
2001-09-01,120.732
2001-10-01,124.504
2001-11-01,128.876
2001-12-01,133.685
2002-01-01,139.421
2002-02-01,146.177
2002-03-01,153.446
2002-04-01,163.246
2002-05-01,175.129
2002-06-01,190.794
2002-07-01,210.09
2002-08-01,234.319
2002-09-01,260.695
2002-10-01,284.607
2002-11-01,305.164
2002-12-01,320.838
2003-01-01,333.522
2003-02-01,343.577
2003-03-01,351.014
2003-04-01,357.909
2003-05-01,3.573
2003-06-01,8.634
2003-07-01,12.934
2003-08-01,16.889
2003-09-01,20.443
2003-10-01,23.572
2003-11-01,26.539
2003-12-01,29.193
2004-01-01,31.747
2004-02-01,34.137
2004-03-01,36.245
2004-04-01,38.379
2004-05-01,40.344
2004-06-01,42.282
2004-07-01,44.079
2004-08-01,45.865
2004-09-01,47.588
2004-10-01,49.201
2004-11-01,50.819
2004-12-01,52.344
2005-01-01,53.881
2005-02-01,55.384
2005-03-01,56.716
2005-04-01,58.166
2005-05-01,59.548
2005-06-01,60.956
2005-07-01,62.304
2005-08-01,63.684
2005-09-01,65.054
2005-10-01,66.372
2005-11-01,67.729
2005-12-01,69.04
2006-01-01,70.396
2006-02-01,71.754
2006-03-01,72.985
2006-04-01,74.356
2006-05-01,75.693
2006-06-01,77.087
2006-07-01,78.453
2006-08-01,79.883
2006-09-01,81.337
2006-10-01,82.769
2006-11-01,84.28
2006-12-01,85.775
2007-01-01,87.36
2007-02-01,88.99
2007-03-01,90.507
2007-04-01,92.242
2007-05-01,93.982
2007-06-01,95.854
2007-07-01,97.746
2007-08-01,99.794
2007-09-01,101.952
2007-10-01,104.16
2007-11-01,106.586
2007-12-01,109.095
2008-01-01,111.886
2008-02-01,114.916
2008-03-01,118.011
2008-04-01,121.657
2008-05-01,125.595
2008-06-01,130.195
2008-07-01,135.302
2008-08-01,141.463
2008-09-01,148.826
2008-10-01,157.519
2008-11-01,168.771
2008-12-01,182.741
2009-01-01,201.498
2009-02-01,225.359
2009-03-01,250.177
2009-04-01,277.416
2009-05-01,299.924
2009-06-01,318.169
2009-07-01,331.759
2009-08-01,342.73
2009-09-01,351.485
2009-10-01,358.447
2009-11-01,4.5
2009-12-01,9.526
2010-01-01,14.061
2010-02-01,18.07
2010-03-01,21.328
2010-04-01,24.609
2010-05-01,27.513
2010-06-01,30.28
2010-07-01,32.768
2010-08-01,35.171
2010-09-01,37.429
2010-10-01,39.494
2010-11-01,41.521
2010-12-01,43.392
2011-01-01,45.244
2011-02-01,47.023
2011-03-01,48.574
2011-04-01,50.237
2011-05-01,51.799
2011-06-01,53.369
2011-07-01,54.851
2011-08-01,56.348
2011-09-01,57.816
2011-10-01,59.211
2011-11-01,60.631
2011-12-01,61.988
2012-01-01,63.373
2012-02-01,64.746
2012-03-01,66.022
2012-04-01,67.379
2012-05-01,68.687
2012-06-01,70.038
2012-07-01,71.346
2012-08-01,72.7
2012-09-01,74.061
2012-10-01,75.387
2012-11-01,76.768
2012-12-01,78.119
2013-01-01,79.532
2013-02-01,80.967
2013-03-01,82.284
2013-04-01,83.769
2013-05-01,85.237
2013-06-01,86.791
2013-07-01,88.335
2013-08-01,89.977
2013-09-01,91.674
2013-10-01,93.375
2013-11-01,95.201
2013-12-01,97.045
2014-01-01,99.039
2014-02-01,101.138
2014-03-01,103.136
2014-04-01,105.479
2014-05-01,107.899
2014-06-01,110.584
2014-07-01,113.394
2014-08-01,116.558
2014-09-01,120.042
2014-10-01,123.788
2014-11-01,128.141
2014-12-01,132.943
2015-01-01,138.694
2015-02-01,145.507
2015-03-01,152.89
2015-04-01,162.941
2015-05-01,175.29
2015-06-01,191.833
2015-07-01,212.537
2015-08-01,238.685
2015-09-01,266.668
2015-10-01,291.154
2015-11-01,311.488
2015-12-01,326.643
2016-01-01,338.767
2016-02-01,348.33
2016-03-01,355.625
2016-04-01,2.14
2016-05-01,7.503
2016-06-01,12.304
2016-07-01,16.394
2016-08-01,20.162
2016-09-01,23.557
2016-10-01,26.55
2016-11-01,29.393
2016-12-01,31.941
2017-01-01,34.395
2017-02-01,36.695
2017-03-01,38.657
2017-04-01,40.719
2017-05-01,42.617
2017-06-01,44.491
2017-07-01,46.229
2017-08-01,47.958
2017-09-01,49.625
2017-10-01,51.187
2017-11-01,52.754
2017-12-01,54.23
2018-01-01,55.719
2018-02-01,57.175
2018-03-01,58.466
2018-04-01,59.874
2018-05-01,61.22
2018-06-01,62.6
2018-07-01,63.936
2018-08-01,65.334
2018-09-01,66.774
2018-10-01,68.236
2018-11-01,69.835
2018-12-01,71.44
2019-01-01,73.092
2019-02-01,74.692
2019-03-01,76.088
2019-04-01,77.595
2019-05-01,79.035
2019-06-01,80.521
2019-07-01,81.97
2019-08-01,83.488
2019-09-01,85.036
2019-10-01,86.57
2019-11-01,88.2
2019-12-01,89.827
2020-01-01,91.569
2020-02-01,93.38
2020-03-01,95.148
2020-04-01,97.127
2020-05-01,99.142
2020-06-01,101.344
2020-07-01,103.61
2020-08-01,106.114
2020-09-01,108.812
2020-10-01,111.643
2020-11-01,114.841
2020-12-01,118.257
2021-01-01,122.196
2021-02-01,126.656
2021-03-01,131.256
2021-04-01,137.17
2021-05-01,143.985
2021-06-01,152.579
2021-07-01,163.01
2021-08-01,176.923
2021-09-01,195.312
2021-10-01,218.407
2021-11-01,246.816
2021-12-01,274.543
2022-01-01,298.883
2022-02-01,317.632
2022-03-01,330.599
2022-04-01,341.788
2022-05-01,350.38
2022-06-01,357.628
2022-07-01,3.498
2022-08-01,8.683
2022-09-01,13.186
2022-10-01,17.037
2022-11-01,20.601
2022-12-01,23.723
2023-01-01,26.673
2023-02-01,29.388
2023-03-01,31.67
2023-04-01,34.037
2023-05-01,36.19
2023-06-01,38.292
2023-07-01,40.223
2023-08-01,42.126
2023-09-01,43.947
2023-10-01,45.64
2023-11-01,47.327
2023-12-01,48.907
2024-01-01,50.49
2024-02-01,52.03
2024-03-01,53.436
2024-04-01,54.906
2024-05-01,56.301
2024-06-01,57.717
2024-07-01,59.066
2024-08-01,60.443
2024-09-01,61.803
2024-10-01,63.108
2024-11-01,64.447
2024-12-01,65.737
2025-01-01,67.065
2025-02-01,68.391
2025-03-01,69.59
2025-04-01,70.921
2025-05-01,72.215
2025-06-01,73.56
2025-07-01,74.873
2025-08-01,76.244
2025-09-01,77.633
2025-10-01,78.996
2025-11-01,80.429
2025-12-01,81.843
2026-01-01,83.336
2026-02-01,84.865
2026-03-01,86.283
2026-04-01,87.898
2026-05-01,89.511
2026-06-01,91.238
2026-07-01,92.975
2026-08-01,94.848
2026-09-01,96.81
2026-10-01,98.806
2026-11-01,100.986
2026-12-01,103.226
2027-01-01,105.698
2027-02-01,108.357
2027-03-01,110.949
2027-04-01,114.071
2027-05-01,117.396
2027-06-01,121.217
2027-07-01,125.379
2027-08-01,130.291
2027-09-01,136.011
2027-10-01,142.569
2027-11-01,150.792
2027-12-01,160.709
2028-01-01,173.851
2028-02-01,191.165
2028-03-01,212.236
2028-04-01,239.719
2028-05-01,267.793
2028-06-01,293.387
2028-07-01,312.862
2028-08-01,328.159
2028-09-01,339.872
2028-10-01,348.823
2028-11-01,356.339
2028-12-01,2.4
2029-01-01,7.736
2029-02-01,12.356
2029-03-01,16.048
2029-04-01,19.713
2029-05-01,22.916
2029-06-01,25.934
2029-07-01,28.622
2029-08-01,31.197
2029-09-01,33.599
2029-10-01,35.782
2029-11-01,37.914
2029-12-01,39.873
2030-01-01,41.805
2030-02-01,43.655
2030-03-01,45.263
2030-04-01,46.984
2030-05-01,48.594
2030-06-01,50.209
2030-07-01,51.728
2030-08-01,53.259
2030-09-01,54.754
2030-10-01,56.171
2030-11-01,57.609
2030-12-01,58.977
2031-01-01,60.372
2031-02-01,61.749
2031-03-01,62.98
2031-04-01,64.332
2031-05-01,65.632
2031-06-01,66.97
2031-07-01,68.26
2031-08-01,69.592
2031-09-01,70.926
2031-10-01,72.22
2031-11-01,73.563
2031-12-01,74.871
2032-01-01,76.235
2032-02-01,77.613
2032-03-01,78.917
2032-04-01,80.332
2032-05-01,81.723
2032-06-01,83.188
2032-07-01,84.635
2032-08-01,86.166
2032-09-01,87.737
2032-10-01,89.301
2032-11-01,90.968
2032-12-01,92.637
2033-01-01,94.427
2033-02-01,96.292
2033-03-01,98.05
2033-04-01,100.089
2033-05-01,102.168
2033-06-01,104.441
2033-07-01,106.781
2033-08-01,109.368
2033-09-01,112.158
2033-10-01,115.086
2033-11-01,118.394
2033-12-01,121.928
2034-01-01,126.0
2034-02-01,130.609
2034-03-01,135.354
2034-04-01,141.44
2034-05-01,148.425
2034-06-01,157.179
2034-07-01,167.696
2034-08-01,181.501
2034-09-01,199.316
2034-10-01,221.04
2034-11-01,247.166
2034-12-01,272.74
2035-01-01,295.819
2035-02-01,314.192
2035-03-01,327.206
2035-04-01,338.609
2035-05-01,347.451
2035-06-01,354.952
2035-07-01,1.045
2035-08-01,6.437
2035-09-01,11.123
2035-10-01,15.131
2035-11-01,18.839
2035-12-01,22.086
2036-01-01,25.15
2036-02-01,27.969
2036-03-01,30.418
2036-04-01,32.866
2036-05-01,35.09
2036-06-01,37.26
2036-07-01,39.252
2036-08-01,41.212
2036-09-01,43.085
2036-10-01,44.826
2036-11-01,46.558
2036-12-01,48.178
2037-01-01,49.8
2037-02-01,51.375
2037-03-01,52.763
2037-04-01,54.264
2037-05-01,55.687
2037-06-01,57.129
2037-07-01,58.501
2037-08-01,59.898
2037-09-01,61.277
2037-10-01,62.597
2037-11-01,63.95
2037-12-01,65.25
2038-01-01,66.586
2038-02-01,67.918
2038-03-01,69.119
2038-04-01,70.45
2038-05-01,71.741
2038-06-01,73.08
2038-07-01,74.383
2038-08-01,75.74
2038-09-01,77.111
2038-10-01,78.453
2038-11-01,79.859
2038-12-01,81.24
2039-01-01,82.694
2039-02-01,84.177
2039-03-01,85.546
2039-04-01,87.098
2039-05-01,88.642
2039-06-01,90.285
2039-07-01,91.927
2039-08-01,93.686
2039-09-01,95.516
2039-10-01,97.363
2039-11-01,99.362
2039-12-01,101.396
2040-01-01,103.616
2040-02-01,105.974
2040-03-01,108.326
2040-04-01,111.022
2040-05-01,113.841
2040-06-01,117.014
2040-07-01,120.385
2040-08-01,124.25
2040-09-01,128.595
2040-10-01,133.376
2040-11-01,139.08
2040-12-01,145.567
2041-01-01,153.611
2041-02-01,163.521
2041-03-01,174.677
2041-04-01,190.349
2041-05-01,209.703
2041-06-01,234.07
2041-07-01,259.776
2041-08-01,284.669
2041-09-01,305.281
2041-10-01,320.955
2041-11-01,333.613
2041-12-01,343.343
2042-01-01,351.519
2042-02-01,358.302
2042-03-01,3.533
2042-04-01,8.565
2042-05-01,12.839
2042-06-01,16.77
2042-07-01,20.193
2042-08-01,23.41
2042-09-01,26.357
2042-10-01,28.993
2042-11-01,31.53
2042-12-01,33.828
2043-01-01,36.065
2043-02-01,38.18
2043-03-01,39.999
2043-04-01,41.925
2043-05-01,43.71
2043-06-01,45.483
2043-07-01,47.139
2043-08-01,48.794
2043-09-01,50.399
2043-10-01,51.91
2043-11-01,53.433
2043-12-01,54.874
2044-01-01,56.333
2044-02-01,57.766
2044-03-01,59.086
2044-04-01,60.477
2044-05-01,61.808
2044-06-01,63.17
2044-07-01,64.477
2044-08-01,65.819
2044-09-01,67.156
2044-10-01,68.447
2044-11-01,69.779
2044-12-01,71.071
2045-01-01,72.409
2045-02-01,73.754
2045-03-01,74.977
2045-04-01,76.342
2045-05-01,77.677
2045-06-01,79.073
2045-07-01,80.444
2045-08-01,81.885
2045-09-01,83.353
2045-10-01,84.804
2045-11-01,86.338
2045-12-01,87.861
2046-01-01,89.481
2046-02-01,91.153
2046-03-01,92.713
2046-04-01,94.503
2046-05-01,96.307
2046-06-01,98.255
2046-07-01,100.231
2046-08-01,102.383
2046-09-01,104.662
2046-10-01,107.009
2046-11-01,109.603
2046-12-01,112.305
2047-01-01,115.334
2047-02-01,118.649
2047-03-01,121.942
2047-04-01,125.991
2047-05-01,130.409
2047-06-01,135.632
2047-07-01,141.507
2047-08-01,148.702
2047-09-01,157.442
2047-10-01,167.929
2047-11-01,181.67
2047-12-01,198.724
2048-01-01,220.908
2048-02-01,246.812
2048-03-01,271.422
2048-04-01,294.596
2048-05-01,312.614
2048-06-01,327.142
2048-07-01,338.185
2048-08-01,347.34
2048-09-01,354.836
2048-10-01,0.93
2048-11-01,6.325
2048-12-01,10.873
2049-01-01,15.028
2049-02-01,18.742
2049-03-01,21.786
2049-04-01,24.874
2049-05-01,27.624
2049-06-01,30.26
2049-07-01,32.641
2049-08-01,34.952
2049-09-01,37.13
2049-10-01,39.129
2049-11-01,41.097
2049-12-01,42.918
2050-01-01,44.724
2050-02-01,46.462
2050-03-01,47.981
2050-04-01,49.611
2050-05-01,51.144
2050-06-01,52.687
2050-07-01,54.144
2050-08-01,55.619
2050-09-01,57.065
2050-10-01,58.441
2050-11-01,59.841
2050-12-01,61.18
2051-01-01,62.548
2051-02-01,63.903
2051-03-01,65.119
2051-04-01,66.458
2051-05-01,67.75
2051-06-01,69.083
2051-07-01,70.373
2051-08-01,71.709
2051-09-01,73.05
2051-10-01,74.355
2051-11-01,75.714
2051-12-01,77.041
2052-01-01,78.429
2052-02-01,79.836
2052-03-01,81.172
2052-04-01,82.626
2052-05-01,84.06
2052-06-01,85.576
2052-07-01,87.078
2052-08-01,88.674
2052-09-01,90.318
2052-10-01,91.961
2052-11-01,93.721
2052-12-01,95.491
2053-01-01,97.398
2053-02-01,99.397
2053-03-01,101.291
2053-04-01,103.501
2053-05-01,105.77
2053-06-01,108.271
2053-07-01,110.866
2053-08-01,113.763
2053-09-01,116.919
2053-10-01,120.271
2053-11-01,124.111
2053-12-01,128.274
2054-01-01,133.159
2054-02-01,138.804
2054-03-01,144.752
2054-04-01,152.584
2054-05-01,161.852
2054-06-01,173.84
2054-07-01,188.632
2054-08-01,208.149
2054-09-01,232.127
2054-10-01,257.686
2054-11-01,282.744
2054-12-01,303.074
2055-01-01,319.65
2055-02-01,332.556
2055-03-01,341.87
2055-04-01,350.294
2055-05-01,357.055
2055-06-01,2.975
2055-07-01,7.917
2055-08-01,12.395
2055-09-01,16.367
2055-10-01,19.823
2055-11-01,23.068
2055-12-01,25.947
2056-01-01,28.694
2056-02-01,31.247
2056-03-01,33.485
2056-04-01,35.739
2056-05-01,37.801
2056-06-01,39.826
2056-07-01,41.696
2056-08-01,43.546
2056-09-01,45.323
2056-10-01,46.981
2056-11-01,48.638
2056-12-01,50.194
2057-01-01,51.757
2057-02-01,53.281
2057-03-01,54.628
2057-04-01,56.09
2057-05-01,57.478
2057-06-01,58.89
2057-07-01,60.238
2057-08-01,61.613
2057-09-01,62.974
2057-10-01,64.28
2057-11-01,65.622
2057-12-01,66.914
2058-01-01,68.246
2058-02-01,69.577
2058-03-01,70.78
2058-04-01,72.115
2058-05-01,73.414
2058-06-01,74.764
2058-07-01,76.081
2058-08-01,77.457
2058-09-01,78.849
2058-10-01,80.216
2058-11-01,81.652
2058-12-01,83.067
2059-01-01,84.56
2059-02-01,86.088
2059-03-01,87.503
2059-04-01,89.112
2059-05-01,90.718
2059-06-01,92.433
2059-07-01,94.155
2059-08-01,96.008
2059-09-01,97.943
2059-10-01,99.907
2059-11-01,102.044
2059-12-01,104.231
2060-01-01,106.634
2060-02-01,109.207
2060-03-01,111.792
2060-04-01,114.782
2060-05-01,117.942
2060-06-01,121.54
2060-07-01,125.416
2060-08-01,129.929
2060-09-01,135.097
2060-10-01,140.905
2060-11-01,148.009
2060-12-01,156.322
2061-01-01,166.962
2061-02-01,180.494
2061-03-01,196.052
2061-04-01,217.705
2061-05-01,242.518
2061-06-01,269.092
2061-07-01,292.057
2061-08-01,311.226
2061-09-01,326.114
2061-10-01,337.404
2061-11-01,346.736
2061-12-01,354.133
2062-01-01,0.538
2062-02-01,5.999
2062-03-01,10.308
2062-04-01,14.535
2062-05-01,18.189
2062-06-01,21.6
2062-07-01,24.611
2062-08-01,27.473
2062-09-01,30.122
2062-10-01,32.513
2062-11-01,34.832
2062-12-01,36.949
2063-01-01,39.023
2063-02-01,40.996
2063-03-01,42.702
2063-04-01,44.517
2063-05-01,46.207
2063-06-01,47.894
2063-07-01,49.475
2063-08-01,51.062
2063-09-01,52.607
2063-10-01,54.066
2063-11-01,55.542
2063-12-01,56.943
2064-01-01,58.366
2064-02-01,59.768
2064-03-01,61.062
2064-04-01,62.432
2064-05-01,63.745
2064-06-01,65.092
2064-07-01,66.389
2064-08-01,67.725
2064-09-01,69.058
2064-10-01,70.349
2064-11-01,71.686
2064-12-01,72.985
2065-01-01,74.335
2065-02-01,75.696
2065-03-01,76.937
2065-04-01,78.326
2065-05-01,79.689
2065-06-01,81.119
2065-07-01,82.528
2065-08-01,84.013
2065-09-01,85.532
2065-10-01,87.04
2065-11-01,88.64
2065-12-01,90.236
2066-01-01,91.94
2066-02-01,93.708
2066-03-01,95.367
2066-04-01,97.28
2066-05-01,99.22
2066-06-01,101.328
2066-07-01,103.483
2066-08-01,105.848
2066-09-01,108.376
2066-10-01,111.005
2066-11-01,113.944
2066-12-01,117.045
2067-01-01,120.572
2067-02-01,124.5
2067-03-01,128.475
2067-04-01,133.472
2067-05-01,139.073
2067-06-01,145.903
2067-07-01,153.874
2067-08-01,164.05
2067-09-01,176.988
2067-10-01,193.125
2067-11-01,214.481
2067-12-01,239.398
2068-01-01,266.624
2068-02-01,291.151
2068-03-01,309.755
2068-04-01,325.256
2068-05-01,336.932
2068-06-01,346.523
2068-07-01,354.084
2068-08-01,0.603
2068-09-01,6.142
2068-10-01,10.792
2068-11-01,15.024
2068-12-01,18.679
2069-01-01,22.088
2069-02-01,25.191
2069-03-01,27.774
2069-04-01,30.429
2069-05-01,32.824
2069-06-01,35.144
2069-07-01,37.262
2069-08-01,39.335
2069-09-01,41.306
2069-10-01,43.129
2069-11-01,44.935
2069-12-01,46.618
2070-01-01,48.297
