date,Ls,MSD,MY,date_dt
1950-01-01,61.884,27017.7,-2,1950-01-01
1950-02-01,75.424,27047.9,-2,1950-02-01
1950-03-01,87.696,27075.2,-2,1950-03-01
1950-04-01,101.473,27105.3,-2,1950-04-01
1950-05-01,115.138,27134.5,-2,1950-05-01
1950-06-01,129.754,27164.7,-2,1950-06-01
1950-07-01,144.518,27193.9,-2,1950-07-01
1950-08-01,160.542,27224.1,-2,1950-08-01
1950-09-01,177.443,27254.2,-2,1950-09-01
1950-10-01,194.663,27283.4,-2,1950-10-01
1950-11-01,213.285,27313.6,-2,1950-11-01
1950-12-01,231.934,27342.8,-2,1950-12-01
1951-01-01,251.555,27373.0,-2,1951-01-01
1951-02-01,271.16,27403.2,-2,1951-02-01
1951-03-01,288.54,27430.4,-2,1951-03-01
1951-04-01,307.145,27460.6,-2,1951-04-01
1951-05-01,324.345,27489.8,-2,1951-05-01
1951-06-01,341.224,27519.9,-2,1951-06-01
1951-07-01,356.724,27549.1,-2,1951-07-01
1951-08-01,11.974,27579.3,-1,1951-08-01
1951-09-01,26.575,27609.5,-1,1951-09-01
1951-10-01,40.229,27638.7,-1,1951-10-01
1951-11-01,53.999,27668.8,-1,1951-11-01
1951-12-01,67.142,27698.0,-1,1951-12-01
1952-01-01,80.685,27728.2,-1,1952-01-01
1952-02-01,94.343,27758.4,-1,1952-02-01
1952-03-01,107.363,27786.6,-1,1952-03-01
1952-04-01,121.688,27816.8,-1,1952-04-01
1952-05-01,136.092,27846.0,-1,1952-05-01
1952-06-01,151.678,27876.1,-1,1952-06-01
1952-07-01,167.549,27905.3,-1,1952-07-01
1952-08-01,184.833,27935.5,-1,1952-08-01
1952-09-01,203.008,27965.7,-1,1952-09-01
1952-10-01,221.333,27994.9,-1,1952-10-01
1952-11-01,240.795,28025.1,-1,1952-11-01
1952-12-01,259.818,28054.3,-1,1952-12-01
1953-01-01,279.295,28084.4,-1,1953-01-01
1953-02-01,298.248,28114.6,-1,1953-02-01
1953-03-01,314.708,28141.8,-1,1953-03-01
1953-04-01,332.088,28172.0,-1,1953-04-01
1953-05-01,348.046,28201.2,-1,1953-05-01
1953-06-01,3.711,28231.4,0,1953-06-01
1953-07-01,18.179,28260.6,0,1953-07-01
1953-08-01,32.552,28290.7,0,1953-08-01
1953-09-01,46.492,28320.9,0,1953-09-01
1953-10-01,59.717,28350.1,0,1953-10-01
1953-11-01,73.26,28380.3,0,1953-11-01
1953-12-01,86.393,28409.5,0,1953-12-01
1954-01-01,100.144,28439.7,0,1954-01-01
1954-02-01,114.232,28469.8,0,1954-02-01
1954-03-01,127.376,28497.1,0,1954-03-01
1954-04-01,142.533,28527.2,0,1954-04-01
1954-05-01,157.929,28556.4,0,1954-05-01
1954-06-01,174.691,28586.6,0,1954-06-01
1954-07-01,191.778,28615.8,0,1954-07-01
1954-08-01,210.28,28646.0,0,1954-08-01
1954-09-01,229.474,28676.2,0,1954-09-01
1954-10-01,248.435,28705.4,0,1954-10-01
1954-11-01,268.068,28735.5,0,1954-11-01
1954-12-01,286.75,28764.7,0,1954-12-01
1955-01-01,305.425,28794.9,0,1955-01-01
1955-02-01,323.265,28825.1,0,1955-02-01
1955-03-01,338.6,28852.3,0,1955-03-01
1955-04-01,354.737,28882.5,0,1955-04-01
1955-05-01,9.594,28911.7,1,1955-05-01
1955-06-01,24.288,28941.9,1,1955-06-01
1955-07-01,38.009,28971.0,1,1955-07-01
1955-08-01,51.822,29001.2,1,1955-08-01
1955-09-01,65.419,29031.4,1,1955-09-01
1955-10-01,78.517,29060.6,1,1955-10-01
1955-11-01,92.142,29090.8,1,1955-11-01
1955-12-01,105.559,29120.0,1,1955-12-01
1956-01-01,119.815,29150.1,1,1956-01-01
1956-02-01,134.623,29180.3,1,1956-02-01
1956-03-01,149.105,29208.5,1,1956-03-01
1956-04-01,165.376,29238.7,1,1956-04-01
1956-05-01,181.975,29267.9,1,1956-05-01
1956-06-01,200.013,29298.1,1,1956-06-01
1956-07-01,218.237,29327.3,1,1956-07-01
1956-08-01,237.642,29357.4,1,1956-08-01
1956-09-01,257.303,29387.6,1,1956-09-01
1956-10-01,276.21,29416.8,1,1956-10-01
1956-11-01,295.275,29447.0,1,1956-11-01
1956-12-01,313.02,29476.2,1,1956-12-01
1957-01-01,330.49,29506.3,1,1957-01-01
1957-02-01,347.053,29536.5,1,1957-02-01
1957-03-01,1.282,29563.8,2,1957-03-01
1957-04-01,16.328,29593.9,2,1957-04-01
1957-05-01,30.31,29623.1,2,1957-05-01
1957-06-01,44.308,29653.3,2,1957-06-01
1957-07-01,57.565,29682.5,2,1957-07-01
1957-08-01,71.117,29712.7,2,1957-08-01
1957-09-01,84.674,29742.8,2,1957-09-01
1957-10-01,97.945,29772.0,2,1957-10-01
1957-11-01,111.966,29802.2,2,1957-11-01
1957-12-01,125.977,29831.4,2,1957-12-01
1958-01-01,141.062,29861.6,2,1958-01-01
1958-02-01,156.898,29891.7,2,1958-02-01
1958-03-01,171.938,29919.0,2,1958-03-01
1958-04-01,189.453,29949.2,2,1958-04-01
1958-05-01,207.236,29978.4,2,1958-05-01
1958-06-01,226.327,30008.5,2,1958-06-01
1958-07-01,245.244,30037.7,2,1958-07-01
1958-08-01,264.895,30067.9,2,1958-08-01
1958-09-01,284.273,30098.1,2,1958-09-01
1958-10-01,302.457,30127.3,2,1958-10-01
1958-11-01,320.449,30157.4,2,1958-11-01
1958-12-01,337.002,30186.6,2,1958-12-01
1959-01-01,353.23,30216.8,2,1959-01-01
1959-02-01,8.65,30247.0,3,1959-02-01
1959-03-01,21.987,30274.2,3,1959-03-01
1959-04-01,36.237,30304.4,3,1959-04-01
1959-05-01,49.65,30333.6,3,1959-05-01
1959-06-01,63.273,30363.8,3,1959-06-01
1959-07-01,76.372,30393.0,3,1959-07-01
1959-08-01,89.974,30423.1,3,1959-08-01
1959-09-01,103.796,30453.3,3,1959-09-01
1959-10-01,117.529,30482.5,3,1959-10-01
1959-11-01,132.241,30512.7,3,1959-11-01
1959-12-01,147.12,30541.9,3,1959-12-01
1960-01-01,163.282,30572.0,3,1960-01-01
1960-02-01,180.332,30602.2,3,1960-02-01
1960-03-01,197.1,30630.4,3,1960-03-01
1960-04-01,215.82,30660.6,3,1960-04-01
1960-05-01,234.529,30689.8,3,1960-05-01
1960-06-01,254.165,30720.0,3,1960-06-01
1960-07-01,273.107,30749.2,3,1960-07-01
1960-08-01,292.262,30779.3,3,1960-08-01
1960-09-01,310.711,30809.5,3,1960-09-01
1960-10-01,327.742,30838.7,3,1960-10-01
1960-11-01,344.448,30868.9,3,1960-11-01
1960-12-01,359.796,30898.1,3,1960-12-01
1961-01-01,14.912,30928.2,4,1961-01-01
1961-02-01,29.408,30958.4,4,1961-02-01
1961-03-01,42.093,30985.7,4,1961-03-01
1961-04-01,55.831,31015.8,4,1961-04-01
1961-05-01,68.961,31045.0,4,1961-05-01
1961-06-01,82.509,31075.2,4,1961-06-01
1961-07-01,95.747,31104.4,4,1961-07-01
1961-08-01,109.708,31134.6,4,1961-08-01
1961-09-01,124.112,31164.7,4,1961-09-01
1961-10-01,138.616,31193.9,4,1961-10-01
1961-11-01,154.325,31224.1,4,1961-11-01
1961-12-01,170.332,31253.3,4,1961-12-01
1962-01-01,187.763,31283.5,4,1962-01-01
1962-02-01,206.077,31313.6,4,1962-02-01
1962-03-01,223.264,31340.9,4,1962-03-01
1962-04-01,242.767,31371.1,4,1962-04-01
1962-05-01,261.795,31400.3,4,1962-05-01
1962-06-01,281.24,31430.4,4,1962-06-01
1962-07-01,299.53,31459.6,4,1962-07-01
1962-08-01,317.656,31489.8,4,1962-08-01
1962-09-01,334.886,31520.0,4,1962-09-01
1962-10-01,350.705,31549.2,4,1962-10-01
1962-11-01,6.242,31579.3,5,1962-11-01
1962-12-01,20.608,31608.5,5,1962-12-01
1963-01-01,34.901,31638.7,5,1963-01-01
1963-02-01,48.787,31668.9,5,1963-02-01
1963-03-01,61.108,31696.1,5,1963-03-01
1963-04-01,74.65,31726.3,5,1963-04-01
1963-05-01,87.796,31755.5,5,1963-05-01
1963-06-01,101.574,31785.7,5,1963-06-01
1963-07-01,115.241,31814.9,5,1963-07-01
1963-08-01,129.859,31845.0,5,1963-08-01
1963-09-01,145.129,31875.2,5,1963-09-01
1963-10-01,160.651,31904.4,5,1963-10-01
1963-11-01,177.553,31934.6,5,1963-11-01
1963-12-01,194.773,31963.8,5,1963-12-01
1964-01-01,213.393,31993.9,5,1964-01-01
1964-02-01,232.668,32024.1,5,1964-02-01
1964-03-01,251.021,32052.3,5,1964-03-01
1964-04-01,270.629,32082.5,5,1964-04-01
1964-05-01,289.248,32111.7,5,1964-05-01
1964-06-01,307.828,32141.9,5,1964-06-01
1964-07-01,325.001,32171.1,5,1964-07-01
1964-08-01,341.853,32201.2,5,1964-08-01
1964-09-01,357.831,32231.4,5,1964-09-01
1964-10-01,12.555,32260.6,6,1964-10-01
1964-11-01,27.138,32290.8,6,1964-11-01
1964-12-01,40.778,32320.0,6,1964-12-01
1965-01-01,54.538,32350.2,6,1965-01-01
1965-02-01,68.111,32380.3,6,1965-02-01
1965-03-01,80.341,32407.6,6,1965-03-01
1965-04-01,93.991,32437.7,6,1965-04-01
1965-05-01,107.454,32466.9,6,1965-05-01
1965-06-01,121.778,32497.1,6,1965-06-01
1965-07-01,136.183,32526.3,6,1965-07-01
1965-08-01,151.771,32556.5,6,1965-08-01
1965-09-01,168.189,32586.7,6,1965-09-01
1965-10-01,184.935,32615.8,6,1965-10-01
1965-11-01,203.116,32646.0,6,1965-11-01
1965-12-01,221.447,32675.2,6,1965-12-01
1966-01-01,240.914,32705.4,6,1966-01-01
1966-02-01,260.573,32735.6,6,1966-02-01
1966-03-01,278.173,32762.8,6,1966-03-01
1966-04-01,297.166,32793.0,6,1966-04-01
1966-05-01,314.823,32822.2,6,1966-05-01
1966-06-01,332.198,32852.3,6,1966-06-01
1966-07-01,348.153,32881.5,6,1966-07-01
1966-08-01,3.816,32911.7,7,1966-08-01
1966-09-01,18.754,32941.9,7,1966-09-01
1966-10-01,32.656,32971.1,7,1966-10-01
1966-11-01,46.596,33001.3,7,1966-11-01
1966-12-01,59.82,33030.4,7,1966-12-01
1967-01-01,73.364,33060.6,7,1967-01-01
1967-02-01,86.936,33090.8,7,1967-02-01
1967-03-01,99.349,33118.0,7,1967-03-01
1967-04-01,113.409,33148.2,7,1967-04-01
1967-05-01,127.472,33177.4,7,1967-05-01
1967-06-01,142.626,33207.6,7,1967-06-01
1967-07-01,158.018,33236.8,7,1967-07-01
1967-08-01,174.778,33266.9,7,1967-08-01
1967-09-01,192.447,33297.1,7,1967-09-01
1967-10-01,210.365,33326.3,7,1967-10-01
1967-11-01,229.561,33356.5,7,1967-11-01
1967-12-01,248.526,33385.7,7,1967-12-01
1968-01-01,268.163,33415.9,7,1968-01-01
1968-02-01,287.464,33446.0,7,1968-02-01
1968-03-01,304.939,33474.2,7,1968-03-01
1968-04-01,322.812,33504.4,7,1968-04-01
1968-05-01,339.244,33533.6,7,1968-05-01
1968-06-01,355.354,33563.8,7,1968-06-01
1968-07-01,10.188,33593.0,8,1968-07-01
1968-08-01,24.861,33623.2,8,1968-08-01
1968-09-01,39.017,33653.3,8,1968-09-01
1968-10-01,52.37,33682.5,8,1968-10-01
1968-11-01,65.963,33712.7,8,1968-11-01
1968-12-01,79.063,33741.9,8,1968-12-01
1969-01-01,92.695,33772.1,8,1969-01-01
1969-02-01,106.578,33802.2,8,1969-02-01
1969-03-01,119.463,33829.5,8,1969-03-01
1969-04-01,134.253,33859.7,8,1969-04-01
1969-05-01,149.224,33888.9,8,1969-05-01
1969-06-01,165.496,33919.0,8,1969-06-01
1969-07-01,182.093,33948.2,8,1969-07-01
1969-08-01,200.129,33978.4,8,1969-08-01
1969-09-01,218.967,34008.6,8,1969-09-01
1969-10-01,237.75,34037.8,8,1969-10-01
1969-11-01,257.408,34067.9,8,1969-11-01
1969-12-01,276.312,34097.1,8,1969-12-01
1970-01-01,295.375,34127.3,8,1970-01-01
1970-02-01,313.697,34157.5,8,1970-02-01
1970-03-01,329.49,34184.7,8,1970-03-01
1970-04-01,346.11,34214.9,8,1970-04-01
1970-05-01,1.381,34244.1,9,1970-05-01
1970-06-01,16.428,34274.3,9,1970-06-01
1970-07-01,30.41,34303.5,9,1970-07-01
1970-08-01,44.408,34333.6,9,1970-08-01
1970-09-01,58.103,34363.8,9,1970-09-01
1970-10-01,71.217,34393.0,9,1970-10-01
1970-11-01,84.773,34423.2,9,1970-11-01
1970-12-01,98.044,34452.4,9,1970-12-01
1971-01-01,112.066,34482.5,9,1971-01-01
1971-02-01,126.556,34512.7,9,1971-02-01
1971-03-01,140.173,34540.0,9,1971-03-01
1971-04-01,155.962,34570.1,9,1971-04-01
1971-05-01,172.055,34599.3,9,1971-05-01
1971-06-01,189.575,34629.5,9,1971-06-01
1971-07-01,207.362,34658.7,9,1971-07-01
1971-08-01,226.455,34688.9,9,1971-08-01
1971-09-01,246.005,34719.0,9,1971-09-01
1971-10-01,265.019,34748.2,9,1971-10-01
1971-11-01,284.393,34778.4,9,1971-11-01
1971-12-01,302.572,34807.6,9,1971-12-01
1972-01-01,320.56,34837.8,9,1972-01-01
1972-02-01,337.646,34867.9,9,1972-02-01
1972-03-01,352.823,34896.2,9,1972-03-01
1972-04-01,8.265,34926.3,10,1972-04-01
1972-05-01,22.554,34955.5,10,1972-05-01
1972-06-01,36.787,34985.7,10,1972-06-01
1972-07-01,50.189,35014.9,10,1972-07-01
1972-08-01,63.806,35045.1,10,1972-08-01
1972-09-01,77.341,35075.2,10,1972-09-01
1972-10-01,90.51,35104.4,10,1972-10-01
1972-11-01,104.34,35134.6,10,1972-11-01
1972-12-01,118.086,35163.8,10,1972-12-01
1973-01-01,132.816,35194.0,10,1973-01-01
1973-02-01,148.227,35224.1,10,1973-02-01
1973-03-01,162.837,35251.4,10,1973-03-01
1973-04-01,179.858,35281.6,10,1973-04-01
1973-05-01,197.193,35310.8,10,1973-05-01
1973-06-01,215.917,35340.9,10,1973-06-01
1973-07-01,234.631,35370.1,10,1973-07-01
1973-08-01,254.273,35400.3,10,1973-08-01
1973-09-01,273.845,35430.5,10,1973-09-01
1973-10-01,292.374,35459.7,10,1973-10-01
1973-11-01,310.823,35489.8,10,1973-11-01
1973-12-01,327.852,35519.0,10,1973-12-01
1974-01-01,344.555,35549.2,10,1974-01-01
1974-02-01,0.399,35579.4,11,1974-02-01
1974-03-01,14.058,35606.6,11,1974-03-01
1974-04-01,28.587,35636.8,11,1974-04-01
1974-05-01,42.19,35666.0,11,1974-05-01
1974-06-01,55.927,35696.2,11,1974-06-01
1974-07-01,69.056,35725.4,11,1974-07-01
1974-08-01,82.604,35755.5,11,1974-08-01
1974-09-01,96.287,35785.7,11,1974-09-01
1974-10-01,109.804,35814.9,11,1974-10-01
1974-11-01,124.208,35845.1,11,1974-11-01
1974-12-01,138.713,35874.3,11,1974-12-01
1975-01-01,154.422,35904.4,11,1975-01-01
1975-02-01,170.976,35934.6,11,1975-02-01
1975-03-01,186.706,35961.9,11,1975-03-01
1975-04-01,204.962,35992.0,11,1975-04-01
1975-05-01,223.352,36021.2,11,1975-05-01
1975-06-01,242.853,36051.4,11,1975-06-01
1975-07-01,261.88,36080.6,11,1975-07-01
1975-08-01,281.326,36110.8,11,1975-08-01
1975-09-01,300.217,36140.9,11,1975-09-01
1975-10-01,317.748,36170.1,11,1975-10-01
1975-11-01,334.981,36200.3,11,1975-11-01
1975-12-01,350.801,36229.5,11,1975-12-01
1976-01-01,6.338,36259.7,12,1976-01-01
1976-02-01,21.172,36289.8,12,1976-02-01
1976-03-01,34.541,36318.1,12,1976-03-01
1976-04-01,48.436,36348.2,12,1976-04-01
1976-05-01,61.637,36377.4,12,1976-05-01
1976-06-01,75.176,36407.6,12,1976-06-01
1976-07-01,88.325,36436.8,12,1976-07-01
1976-08-01,102.112,36467.0,12,1976-08-01
1976-09-01,116.257,36497.1,12,1976-09-01
1976-10-01,130.432,36526.3,12,1976-10-01
1976-11-01,145.728,36556.5,12,1976-11-01
1976-12-01,161.28,36585.7,12,1976-12-01
1977-01-01,178.216,36615.9,12,1977-01-01
1977-02-01,196.058,36646.1,12,1977-02-01
1977-03-01,212.893,36673.3,12,1977-03-01
1977-04-01,232.154,36703.5,12,1977-04-01
1977-05-01,251.137,36732.7,12,1977-05-01
1977-06-01,270.742,36762.8,12,1977-06-01
1977-07-01,289.357,36792.0,12,1977-07-01
1977-08-01,307.932,36822.2,12,1977-08-01
1977-09-01,325.658,36852.4,12,1977-09-01
1977-10-01,341.949,36881.6,12,1977-10-01
1977-11-01,357.926,36911.7,12,1977-11-01
1977-12-01,12.649,36940.9,13,1977-12-01
1978-01-01,27.232,36971.1,13,1978-01-01
1978-02-01,41.32,37001.3,13,1978-02-01
1978-03-01,53.751,37028.5,13,1978-03-01
1978-04-01,67.331,37058.7,13,1978-04-01
1978-05-01,80.432,37087.9,13,1978-05-01
1978-06-01,94.08,37118.1,13,1978-06-01
1978-07-01,107.54,37147.3,13,1978-07-01
1978-08-01,121.862,37177.4,13,1978-08-01
1978-09-01,136.755,37207.6,13,1978-09-01
1978-10-01,151.85,37236.8,13,1978-10-01
1978-11-01,168.267,37267.0,13,1978-11-01
1978-12-01,185.013,37296.2,13,1978-12-01
1979-01-01,203.196,37326.4,13,1979-01-01
1979-02-01,222.153,37356.5,13,1979-02-01
1979-03-01,239.739,37383.8,13,1979-03-01
1979-04-01,259.404,37413.9,13,1979-04-01
1979-05-01,278.277,37443.1,13,1979-05-01
1979-06-01,297.274,37473.3,13,1979-06-01
1979-07-01,314.935,37502.5,13,1979-07-01
1979-08-01,332.311,37532.7,13,1979-08-01
1979-09-01,348.782,37562.8,13,1979-09-01
1979-10-01,3.924,37592.0,14,1979-10-01
1979-11-01,18.86,37622.2,14,1979-11-01
1979-12-01,32.758,37651.4,14,1979-12-01
1980-01-01,46.696,37681.6,14,1980-01-01
1980-02-01,60.358,37711.8,14,1980-02-01
1980-03-01,73.026,37740.0,14,1980-03-01
1980-04-01,86.595,37770.1,14,1980-04-01
1980-05-01,99.897,37799.3,14,1980-05-01
1980-06-01,113.969,37829.5,14,1980-06-01
1980-07-01,128.05,37858.7,14,1980-07-01
1980-08-01,143.225,37888.9,14,1980-08-01
1980-09-01,159.168,37919.1,14,1980-09-01
1980-10-01,175.426,37948.3,14,1980-10-01
1980-11-01,193.12,37978.4,14,1980-11-01
1980-12-01,211.059,38007.6,14,1980-12-01
1981-01-01,230.27,38037.8,14,1981-01-01
1981-02-01,249.875,38068.0,14,1981-02-01
1981-03-01,267.612,38095.2,14,1981-03-01
1981-04-01,286.931,38125.4,14,1981-04-01
1981-05-01,305.023,38154.6,14,1981-05-01
1981-06-01,322.9,38184.8,14,1981-06-01
1981-07-01,339.337,38213.9,14,1981-07-01
1981-08-01,355.45,38244.1,14,1981-08-01
1981-09-01,10.77,38274.3,15,1981-09-01
1981-10-01,24.963,38303.5,15,1981-10-01
1981-11-01,39.119,38333.7,15,1981-11-01
1981-12-01,52.473,38362.9,15,1981-12-01
1982-01-01,66.065,38393.0,15,1982-01-01
1982-02-01,79.601,38423.2,15,1982-02-01
1982-03-01,91.91,38450.4,15,1982-03-01
1982-04-01,105.772,38480.6,15,1982-04-01
1982-05-01,119.564,38509.8,15,1982-05-01
1982-06-01,134.356,38540.0,15,1982-06-01
1982-07-01,149.33,38569.2,15,1982-07-01
1982-08-01,165.603,38599.4,15,1982-08-01
1982-09-01,182.77,38629.5,15,1982-09-01
1982-10-01,200.239,38658.7,15,1982-10-01
1982-11-01,219.075,38688.9,15,1982-11-01
1982-12-01,237.856,38718.1,15,1982-12-01
1983-01-01,257.509,38748.3,15,1983-01-01
1983-02-01,277.033,38778.4,15,1983-02-01
1983-03-01,294.258,38805.7,15,1983-03-01
1983-04-01,312.63,38835.9,15,1983-04-01
1983-05-01,329.578,38865.0,15,1983-05-01
1983-06-01,346.198,38895.2,15,1983-06-01
1983-07-01,1.47,38924.4,16,1983-07-01
1983-08-01,16.518,38954.6,16,1983-08-01
1983-09-01,30.961,38984.8,16,1983-09-01
1983-10-01,44.503,39014.0,16,1983-10-01
1983-11-01,58.201,39044.1,16,1983-11-01
1983-12-01,71.316,39073.3,16,1983-12-01
1984-01-01,84.875,39103.5,16,1984-01-01
1984-02-01,98.593,39133.7,16,1984-02-01
1984-03-01,111.71,39161.9,16,1984-03-01
1984-04-01,126.183,39192.1,16,1984-04-01
1984-05-01,140.774,39221.3,16,1984-05-01
1984-06-01,156.59,39251.4,16,1984-06-01
1984-07-01,172.712,39280.6,16,1984-07-01
1984-08-01,190.264,39310.8,16,1984-08-01
1984-09-01,208.687,39341.0,16,1984-09-01
1984-10-01,227.198,39370.2,16,1984-10-01
1984-11-01,246.76,39400.3,16,1984-11-01
1984-12-01,265.772,39429.5,16,1984-12-01
1985-01-01,285.129,39459.7,16,1985-01-01
1985-02-01,303.875,39489.9,16,1985-02-01
1985-03-01,320.105,39517.1,16,1985-03-01
1985-04-01,337.215,39547.3,16,1985-04-01
1985-05-01,352.925,39576.5,16,1985-05-01
1985-06-01,8.363,39606.7,17,1985-06-01
1985-07-01,22.65,39635.9,17,1985-07-01
1985-08-01,36.881,39666.0,17,1985-08-01
1985-09-01,50.725,39696.2,17,1985-09-01
1985-10-01,63.901,39725.4,17,1985-10-01
1985-11-01,77.438,39755.6,17,1985-11-01
1985-12-01,90.609,39784.8,17,1985-12-01
1986-01-01,104.442,39814.9,17,1986-01-01
1986-02-01,118.657,39845.1,17,1986-02-01
1986-03-01,131.954,39872.4,17,1986-03-01
1986-04-01,147.318,39902.5,17,1986-04-01
1986-05-01,162.946,39931.7,17,1986-05-01
1986-06-01,179.967,39961.9,17,1986-06-01
1986-07-01,197.301,39991.1,17,1986-07-01
1986-08-01,216.024,40021.3,17,1986-08-01
1986-09-01,235.369,40051.4,17,1986-09-01
1986-10-01,254.381,40080.6,17,1986-10-01
1986-11-01,273.956,40110.8,17,1986-11-01
1986-12-01,292.489,40140.0,17,1986-12-01
1987-01-01,310.939,40170.2,17,1987-01-01
1987-02-01,328.522,40200.3,17,1987-02-01
1987-03-01,343.62,40227.6,17,1987-03-01
1987-04-01,359.514,40257.8,17,1987-04-01
1987-05-01,14.169,40287.0,18,1987-05-01
1987-06-01,28.694,40317.1,18,1987-06-01
1987-07-01,42.293,40346.3,18,1987-07-01
1987-08-01,56.027,40376.5,18,1987-08-01
1987-09-01,69.59,40406.7,18,1987-09-01
1987-10-01,82.701,40435.9,18,1987-10-01
1987-11-01,96.383,40466.0,18,1987-11-01
1987-12-01,109.901,40495.2,18,1987-12-01
1988-01-01,124.307,40525.4,18,1988-01-01
1988-02-01,139.309,40555.6,18,1988-02-01
1988-03-01,154.008,40583.8,18,1988-03-01
1988-04-01,170.538,40614.0,18,1988-04-01
1988-05-01,187.395,40643.2,18,1988-05-01
1988-06-01,205.682,40673.3,18,1988-06-01
1988-07-01,224.092,40702.5,18,1988-07-01
1988-08-01,243.603,40732.7,18,1988-08-01
1988-09-01,263.257,40762.9,18,1988-09-01
1988-10-01,282.053,40792.1,18,1988-10-01
1988-11-01,300.917,40822.2,18,1988-11-01
1988-12-01,318.418,40851.4,18,1988-12-01
1989-01-01,335.621,40881.6,18,1989-01-01
1989-02-01,351.927,40911.8,18,1989-02-01
1989-03-01,5.95,40939.0,19,1989-03-01
1989-04-01,20.805,40969.2,19,1989-04-01
1989-05-01,34.643,40998.4,19,1989-05-01
1989-06-01,48.537,41028.6,19,1989-06-01
1989-07-01,61.737,41057.8,19,1989-07-01
1989-08-01,75.274,41087.9,19,1989-08-01
1989-09-01,88.861,41118.1,19,1989-09-01
1989-10-01,102.204,41147.3,19,1989-10-01
1989-11-01,116.346,41177.5,19,1989-11-01
1989-12-01,130.519,41206.7,19,1989-12-01
1990-01-01,145.813,41236.8,19,1990-01-01
1990-02-01,161.898,41267.0,19,1990-02-01
1990-03-01,177.183,41294.3,19,1990-03-01
1990-04-01,194.97,41324.4,19,1990-04-01
1990-05-01,212.988,41353.6,19,1990-05-01
1990-06-01,232.255,41383.8,19,1990-06-01
1990-07-01,251.244,41413.0,19,1990-07-01
1990-08-01,270.855,41443.2,19,1990-08-01
1990-09-01,290.083,41473.3,19,1990-09-01
1990-10-01,308.048,41502.5,19,1990-10-01
1990-11-01,325.773,41532.7,19,1990-11-01
1990-12-01,342.061,41561.9,19,1990-12-01
1991-01-01,358.034,41592.1,19,1991-01-01
1991-02-01,13.235,41622.3,20,1991-02-01
1991-03-01,26.412,41649.5,20,1991-03-01
1991-04-01,40.527,41679.7,20,1991-04-01
1991-05-01,53.854,41708.9,20,1991-05-01
1991-06-01,67.435,41739.0,20,1991-06-01
1991-07-01,80.537,41768.2,20,1991-07-01
1991-08-01,94.185,41798.4,20,1991-08-01
1991-09-01,108.099,41828.6,20,1991-09-01
1991-10-01,121.965,41857.8,20,1991-10-01
1991-11-01,136.856,41887.9,20,1991-11-01
1991-12-01,151.948,41917.1,20,1991-12-01
1992-01-01,168.361,41947.3,20,1992-01-01
1992-02-01,185.676,41977.5,20,1992-02-01
1992-03-01,202.683,42005.7,20,1992-03-01
1992-04-01,221.616,42035.9,20,1992-04-01
1992-05-01,240.455,42065.1,20,1992-05-01
1992-06-01,260.122,42095.2,20,1992-06-01
1992-07-01,278.987,42124.4,20,1992-07-01
1992-08-01,297.968,42154.6,20,1992-08-01
1992-09-01,316.18,42184.8,20,1992-09-01
1992-10-01,332.956,42214.0,20,1992-10-01
1992-11-01,349.402,42244.2,20,1992-11-01
1992-12-01,4.522,42273.4,21,1992-12-01
1993-01-01,19.437,42303.5,21,1993-01-01
1993-02-01,33.775,42333.7,21,1993-02-01
1993-03-01,46.358,42360.9,21,1993-03-01
1993-04-01,60.025,42391.1,21,1993-04-01
1993-05-01,73.131,42420.3,21,1993-05-01
1993-06-01,86.7,42450.5,21,1993-06-01
1993-07-01,100.002,42479.7,21,1993-07-01
1993-08-01,114.076,42509.8,21,1993-08-01
1993-09-01,128.638,42540.0,21,1993-09-01
1993-10-01,143.336,42569.2,21,1993-10-01
1993-11-01,159.282,42599.4,21,1993-11-01
1993-12-01,175.54,42628.6,21,1993-12-01
1994-01-01,193.234,42658.8,21,1994-01-01
1994-02-01,211.781,42688.9,21,1994-02-01
1994-03-01,229.124,42716.2,21,1994-03-01
1994-04-01,248.71,42746.3,21,1994-04-01
1994-05-01,267.713,42775.5,21,1994-05-01
1994-06-01,287.028,42805.7,21,1994-06-01
1994-07-01,305.118,42834.9,21,1994-07-01
1994-08-01,322.994,42865.1,21,1994-08-01
1994-09-01,339.963,42895.3,21,1994-09-01
1994-10-01,355.544,42924.5,21,1994-10-01
1994-11-01,10.865,42954.6,22,1994-11-01
1994-12-01,25.059,42983.8,22,1994-12-01
1995-01-01,39.218,43014.0,22,1995-01-01
1995-02-01,53.013,43044.2,22,1995-02-01
1995-03-01,65.291,43071.4,22,1995-03-01
1995-04-01,78.827,43101.6,22,1995-04-01
1995-05-01,92.01,43130.8,22,1995-05-01
1995-06-01,105.872,43160.9,22,1995-06-01
1995-07-01,119.664,43190.1,22,1995-07-01
1995-08-01,134.456,43220.3,22,1995-08-01
1995-09-01,149.943,43250.5,22,1995-09-01
1995-10-01,165.707,43279.7,22,1995-10-01
1995-11-01,182.878,43309.9,22,1995-11-01
1995-12-01,200.351,43339.1,22,1995-12-01
1996-01-01,219.192,43369.2,22,1996-01-01
1996-02-01,238.607,43399.4,22,1996-02-01
1996-03-01,256.994,43427.6,22,1996-03-01
1996-04-01,276.527,43457.8,22,1996-04-01
1996-05-01,294.978,43487.0,22,1996-05-01
1996-06-01,313.32,43517.2,22,1996-06-01
1996-07-01,330.235,43546.4,22,1996-07-01
1996-08-01,346.823,43576.5,22,1996-08-01
1996-09-01,2.563,43606.7,23,1996-09-01
1996-10-01,17.092,43635.9,23,1996-10-01
1996-11-01,31.516,43666.1,23,1996-11-01
1996-12-01,45.046,43695.3,23,1996-12-01
1997-01-01,58.737,43725.4,23,1997-01-01
1997-02-01,72.287,43755.6,23,1997-02-01
1997-03-01,84.534,43782.9,23,1997-03-01
1997-04-01,98.245,43813.0,23,1997-04-01
1997-05-01,111.808,43842.2,23,1997-05-01
1997-06-01,126.281,43872.4,23,1997-06-01
1997-07-01,140.871,43901.6,23,1997-07-01
1997-08-01,156.685,43931.8,23,1997-08-01
1997-09-01,173.358,43961.9,23,1997-09-01
1997-10-01,190.357,43991.1,23,1997-10-01
1997-11-01,208.78,44021.3,23,1997-11-01
1997-12-01,227.292,44050.5,23,1997-12-01
1998-01-01,246.858,44080.7,23,1998-01-01
1998-02-01,266.505,44110.8,23,1998-02-01
1998-03-01,284.001,44138.1,23,1998-03-01
1998-04-01,302.797,44168.3,23,1998-04-01
1998-05-01,320.215,44197.5,23,1998-05-01
1998-06-01,337.325,44227.6,23,1998-06-01
1998-07-01,353.033,44256.8,23,1998-07-01
1998-08-01,8.47,44287.0,24,1998-08-01
1998-09-01,23.221,44317.2,24,1998-09-01
1998-10-01,36.985,44346.4,24,1998-10-01
1998-11-01,50.827,44376.5,24,1998-11-01
1998-12-01,64.003,44405.7,24,1998-12-01
1999-01-01,77.54,44435.9,24,1999-01-01
1999-02-01,91.153,44466.1,24,1999-02-01
1999-03-01,103.643,44493.3,24,1999-03-01
1999-04-01,117.831,44523.5,24,1999-04-01
1999-05-01,132.062,44552.7,24,1999-05-01
1999-06-01,147.428,44582.9,24,1999-06-01
1999-07-01,163.058,44612.1,24,1999-07-01
1999-08-01,180.081,44642.2,24,1999-08-01
1999-09-01,198.006,44672.4,24,1999-09-01
1999-10-01,216.136,44701.6,24,1999-10-01
1999-11-01,235.477,44731.8,24,1999-11-01
1999-12-01,254.484,44761.0,24,1999-12-01
2000-01-01,274.055,44791.1,24,2000-01-01
2000-02-01,293.191,44821.3,24,2000-02-01
2000-03-01,310.451,44849.5,24,2000-03-01
2000-04-01,328.063,44879.7,24,2000-04-01
2000-05-01,344.241,44908.9,24,2000-05-01
2000-06-01,0.11,44939.1,25,2000-06-01
2000-07-01,14.743,44968.3,25,2000-07-01
2000-08-01,29.251,44998.4,25,2000-08-01
2000-09-01,43.285,45028.6,25,2000-09-01
2000-10-01,56.563,45057.8,25,2000-10-01
2000-11-01,70.122,45088.0,25,2000-11-01
2000-12-01,83.234,45117.2,25,2000-12-01
2001-01-01,96.924,45147.3,25,2001-01-01
2001-02-01,110.911,45177.5,25,2001-02-01
2001-03-01,123.931,45204.8,25,2001-03-01
2001-04-01,138.914,45234.9,25,2001-04-01
2001-05-01,154.111,45264.1,25,2001-05-01
2001-06-01,170.646,45294.3,25,2001-06-01
2001-07-01,187.509,45323.5,25,2001-07-01
2001-08-01,205.803,45353.7,25,2001-08-01
2001-09-01,224.844,45383.8,25,2001-09-01
2001-10-01,243.737,45413.0,25,2001-10-01
2001-11-01,263.395,45443.2,25,2001-11-01
2001-12-01,282.19,45472.4,25,2001-12-01
2002-01-01,301.05,45502.6,25,2002-01-01
2002-02-01,319.115,45532.7,25,2002-02-01
2002-03-01,334.659,45560.0,25,2002-03-01
2002-04-01,351.015,45590.2,25,2002-04-01
2002-05-01,6.058,45619.4,26,2002-05-01
2002-06-01,20.909,45649.5,26,2002-06-01
2002-07-01,34.745,45678.7,26,2002-07-01
2002-08-01,48.637,45708.9,26,2002-08-01
2002-09-01,62.273,45739.1,26,2002-09-01
2002-10-01,75.371,45768.3,26,2002-10-01
2002-11-01,88.957,45798.4,26,2002-11-01
2002-12-01,102.299,45827.6,26,2002-12-01
2003-01-01,116.439,45857.8,26,2003-01-01
2003-02-01,131.092,45888.0,26,2003-02-01
2003-03-01,144.893,45915.2,26,2003-03-01
2003-04-01,160.922,45945.4,26,2003-04-01
2003-05-01,177.269,45974.6,26,2003-05-01
2003-06-01,195.057,46004.8,26,2003-06-01
2003-07-01,213.077,46034.0,26,2003-07-01
2003-08-01,232.346,46064.1,26,2003-08-01
2003-09-01,251.975,46094.3,26,2003-09-01
2003-10-01,270.956,46123.5,26,2003-10-01
2003-11-01,290.19,46153.7,26,2003-11-01
2003-12-01,308.159,46182.9,26,2003-12-01
2004-01-01,325.888,46213.0,26,2004-01-01
2004-02-01,342.706,46243.2,26,2004-02-01
2004-03-01,357.648,46271.4,26,2004-03-01
2004-04-01,12.87,46301.6,27,2004-04-01
2004-05-01,26.986,46330.8,27,2004-05-01
2004-06-01,41.085,46361.0,27,2004-06-01
2004-07-01,54.401,46390.2,27,2004-07-01
2004-08-01,67.975,46420.3,27,2004-08-01
2004-09-01,81.514,46450.5,27,2004-09-01
2004-10-01,94.73,46479.7,27,2004-10-01
2004-11-01,108.655,46509.9,27,2004-11-01
2004-12-01,122.537,46539.1,27,2004-12-01
2005-01-01,137.449,46569.3,27,2005-01-01
2005-02-01,153.082,46599.4,27,2005-02-01
2005-03-01,167.918,46626.7,27,2005-03-01
2005-04-01,185.202,46656.8,27,2005-04-01
2005-05-01,202.779,46686.0,27,2005-05-01
2005-06-01,221.709,46716.2,27,2005-06-01
2005-07-01,240.545,46745.4,27,2005-07-01
2005-08-01,260.209,46775.6,27,2005-08-01
2005-09-01,279.694,46805.7,27,2005-09-01
2005-10-01,298.053,46834.9,27,2005-10-01
2005-11-01,316.266,46865.1,27,2005-11-01
2005-12-01,333.044,46894.3,27,2005-12-01
2006-01-01,349.493,46924.5,27,2006-01-01
2006-02-01,5.106,46954.7,28,2006-02-01
2006-03-01,18.589,46981.9,28,2006-03-01
2006-04-01,32.961,47012.1,28,2006-04-01
2006-05-01,46.455,47041.3,28,2006-05-01
2006-06-01,60.123,47071.4,28,2006-06-01
2006-07-01,73.229,47100.6,28,2006-07-01
2006-08-01,86.797,47130.8,28,2006-08-01
2006-09-01,100.547,47161.0,28,2006-09-01
2006-10-01,114.172,47190.2,28,2006-10-01
2006-11-01,128.734,47220.4,28,2006-11-01
2006-12-01,143.434,47249.5,28,2006-12-01
2007-01-01,159.382,47279.7,28,2007-01-01
2007-02-01,176.2,47309.9,28,2007-02-01
2007-03-01,192.171,47337.1,28,2007-03-01
2007-04-01,210.67,47367.3,28,2007-04-01
2007-05-01,229.233,47396.5,28,2007-05-01
2007-06-01,248.819,47426.7,28,2007-06-01
2007-07-01,267.819,47455.9,28,2007-07-01
2007-08-01,287.131,47486.0,28,2007-08-01
2007-09-01,305.807,47516.2,28,2007-09-01
2007-10-01,323.089,47545.4,28,2007-10-01
2007-11-01,340.055,47575.6,28,2007-11-01
2007-12-01,355.634,47604.8,28,2007-12-01
2008-01-01,10.954,47635.0,29,2008-01-01
2008-02-01,25.612,47665.1,29,2008-02-01
2008-03-01,38.856,47693.3,29,2008-03-01
2008-04-01,52.661,47723.5,29,2008-04-01
2008-05-01,65.818,47752.7,29,2008-05-01
2008-06-01,79.355,47782.9,29,2008-06-01
2008-07-01,92.545,47812.1,29,2008-07-01
2008-08-01,106.417,47842.3,29,2008-08-01
2008-09-01,120.692,47872.4,29,2008-09-01
2008-10-01,135.036,47901.6,29,2008-10-01
2008-11-01,150.546,47931.8,29,2008-11-01
2008-12-01,166.337,47961.0,29,2008-12-01
2009-01-01,183.537,47991.2,29,2009-01-01
2009-02-01,201.636,48021.3,29,2009-02-01
2009-03-01,218.668,48048.6,29,2009-03-01
2009-04-01,238.074,48078.8,29,2009-04-01
2009-05-01,257.098,48108.0,29,2009-05-01
2009-06-01,276.634,48138.1,29,2009-06-01
2009-07-01,295.088,48167.3,29,2009-07-01
2009-08-01,313.429,48197.5,29,2009-08-01
2009-09-01,330.891,48227.7,29,2009-09-01
2009-10-01,346.928,48256.9,29,2009-10-01
2009-11-01,2.664,48287.0,30,2009-11-01
2009-12-01,17.19,48316.2,30,2009-12-01
2010-01-01,31.612,48346.4,30,2010-01-01
2010-02-01,45.586,48376.6,30,2010-02-01
2010-03-01,57.953,48403.8,30,2010-03-01
2010-04-01,71.506,48434.0,30,2010-04-01
2010-05-01,84.626,48463.2,30,2010-05-01
2010-06-01,98.339,48493.4,30,2010-06-01
2010-07-01,111.904,48522.6,30,2010-07-01
2010-08-01,126.378,48552.7,30,2010-08-01
2010-09-01,141.466,48582.9,30,2010-09-01
2010-10-01,156.784,48612.1,30,2010-10-01
2010-11-01,173.456,48642.3,30,2010-11-01
2010-12-01,190.454,48671.5,30,2010-12-01
2011-01-01,208.874,48701.6,30,2011-01-01
2011-02-01,228.009,48731.8,30,2011-02-01
2011-03-01,245.677,48759.1,30,2011-03-01
2011-04-01,265.33,48789.2,30,2011-04-01
2011-05-01,284.089,48818.4,30,2011-05-01
2011-06-01,302.887,48848.6,30,2011-06-01
2011-07-01,320.308,48877.8,30,2011-07-01
2011-08-01,337.421,48908.0,30,2011-08-01
2011-09-01,353.641,48938.1,30,2011-09-01
2011-10-01,8.568,48967.3,31,2011-10-01
2011-11-01,23.319,48997.5,31,2011-11-01
2011-12-01,37.081,49026.7,31,2011-12-01
2012-01-01,50.921,49056.9,31,2012-01-01
2012-02-01,64.532,49087.0,31,2012-02-01
2012-03-01,77.193,49115.3,31,2012-03-01
2012-04-01,90.8,49145.4,31,2012-04-01
2012-05-01,104.183,49174.6,31,2012-05-01
2012-06-01,118.385,49204.8,31,2012-06-01
2012-07-01,132.636,49234.0,31,2012-07-01
2012-08-01,148.029,49264.2,31,2012-08-01
2012-09-01,164.226,49294.3,31,2012-09-01
2012-10-01,180.746,49323.5,31,2012-10-01
2012-11-01,198.705,49353.7,31,2012-11-01
2012-12-01,216.862,49382.9,31,2012-12-01
2013-01-01,236.221,49413.1,31,2013-01-01
2013-02-01,255.867,49443.2,31,2013-02-01
2013-03-01,273.541,49470.5,31,2013-03-01
2013-04-01,292.692,49500.7,31,2013-04-01
2013-05-01,310.555,49529.9,31,2013-05-01
2013-06-01,328.163,49560.0,31,2013-06-01
2013-07-01,344.339,49589.2,31,2013-07-01
2013-08-01,0.206,49619.4,32,2013-08-01
2013-09-01,15.317,49649.6,32,2013-09-01
2013-10-01,29.348,49678.8,32,2013-10-01
2013-11-01,43.383,49708.9,32,2013-11-01
2013-12-01,56.661,49738.1,32,2013-12-01
2014-01-01,70.221,49768.3,32,2014-01-01
2014-02-01,83.77,49798.5,32,2014-02-01
2014-03-01,96.128,49825.7,32,2014-03-01
2014-04-01,110.089,49855.9,32,2014-04-01
2014-05-01,124.02,49885.1,32,2014-05-01
2014-06-01,138.999,49915.3,32,2014-06-01
2014-07-01,154.194,49944.5,32,2014-07-01
2014-08-01,170.727,49974.6,32,2014-08-01
2014-09-01,188.166,50004.8,32,2014-09-01
2014-10-01,205.885,50034.0,32,2014-10-01
2014-11-01,224.929,50064.2,32,2014-11-01
2014-12-01,243.826,50093.4,32,2014-12-01
2015-01-01,263.489,50123.5,32,2015-01-01
2015-02-01,282.909,50153.7,32,2015-02-01
2015-03-01,299.96,50181.0,32,2015-03-01
2015-04-01,318.083,50211.1,32,2015-04-01
2015-05-01,334.768,50240.3,32,2015-05-01
2015-06-01,351.123,50270.5,32,2015-06-01
2015-07-01,6.166,50299.7,33,2015-07-01
2015-08-01,21.015,50329.9,33,2015-08-01
2015-09-01,35.304,50360.0,33,2015-09-01
2015-10-01,48.742,50389.2,33,2015-10-01
2015-11-01,62.379,50419.4,33,2015-11-01
2015-12-01,75.478,50448.6,33,2015-12-01
2016-01-01,89.066,50478.8,33,2016-01-01
2016-02-01,102.86,50508.9,33,2016-02-01
2016-03-01,116.089,50537.2,33,2016-03-01
2016-04-01,130.724,50567.3,33,2016-04-01
2016-05-01,145.512,50596.5,33,2016-05-01
2016-06-01,161.566,50626.7,33,2016-06-01
2016-07-01,177.939,50655.9,33,2016-07-01
2016-08-01,195.752,50686.1,33,2016-08-01
2016-09-01,214.405,50716.2,33,2016-09-01
2016-10-01,233.075,50745.4,33,2016-10-01
2016-11-01,252.706,50775.6,33,2016-11-01
2016-12-01,271.679,50804.8,33,2016-12-01
2017-01-01,290.895,50835.0,33,2017-01-01
2017-02-01,309.425,50865.2,33,2017-02-01
2017-03-01,325.426,50892.4,33,2017-03-01
2017-04-01,342.275,50922.6,33,2017-04-01
2017-05-01,357.747,50951.8,33,2017-05-01
2017-06-01,12.97,50981.9,34,2017-06-01
2017-07-01,27.087,51011.1,34,2017-07-01
2017-08-01,41.186,51041.3,34,2017-08-01
2017-09-01,54.942,51071.5,34,2017-09-01
2017-10-01,68.077,51100.7,34,2017-10-01
2017-11-01,81.617,51130.8,34,2017-11-01
2017-12-01,94.833,51160.0,34,2017-12-01
2018-01-01,108.76,51190.2,34,2018-01-01
2018-02-01,123.116,51220.4,34,2018-02-01
2018-03-01,136.579,51247.6,34,2018-03-01
2018-04-01,152.166,51277.8,34,2018-04-01
2018-05-01,168.039,51307.0,34,2018-05-01
2018-06-01,185.327,51337.2,34,2018-06-01
2018-07-01,202.907,51366.4,34,2018-07-01
2018-08-01,221.837,51396.5,34,2018-08-01
2018-09-01,241.304,51426.7,34,2018-09-01
2018-10-01,260.331,51455.9,34,2018-10-01
2018-11-01,279.812,51486.1,34,2018-11-01
2018-12-01,298.165,51515.3,34,2018-12-01
2019-01-01,316.375,51545.4,34,2019-01-01
2019-02-01,333.694,51575.6,34,2019-02-01
2019-03-01,348.561,51602.9,34,2019-03-01
2019-04-01,4.223,51633.0,35,2019-04-01
2019-05-01,18.689,51662.2,35,2019-05-01
2019-06-01,33.061,51692.4,35,2019-06-01
2019-07-01,46.555,51721.6,35,2019-07-01
2019-08-01,60.222,51751.8,35,2019-08-01
2019-09-01,73.764,51781.9,35,2019-09-01
2019-10-01,86.896,51811.1,35,2019-10-01
2019-11-01,100.644,51841.3,35,2019-11-01
2019-12-01,114.269,51870.5,35,2019-12-01
2020-01-01,128.83,51900.7,35,2020-01-01
2020-02-01,144.031,51930.9,35,2020-02-01
2020-03-01,158.95,51959.1,35,2020-03-01
2020-04-01,175.741,51989.2,35,2020-04-01
2020-05-01,192.856,52018.4,35,2020-05-01
2020-06-01,211.386,52048.6,35,2020-06-01
2020-07-01,229.972,52077.8,35,2020-07-01
2020-08-01,249.569,52108.0,35,2020-08-01
2020-09-01,269.196,52138.2,35,2020-09-01
2020-10-01,287.862,52167.4,35,2020-10-01
2020-11-01,306.512,52197.5,35,2020-11-01
2020-12-01,323.763,52226.7,35,2020-12-01
2021-01-01,340.696,52256.9,35,2021-01-01
2021-02-01,356.751,52287.1,35,2021-02-01
2021-03-01,10.574,52314.3,36,2021-03-01
2021-04-01,25.249,52344.5,36,2021-04-01
2021-05-01,38.956,52373.7,36,2021-05-01
2021-06-01,52.761,52403.9,36,2021-06-01
2021-07-01,65.917,52433.0,36,2021-07-01
2021-08-01,79.455,52463.2,36,2021-08-01
2021-09-01,93.088,52493.4,36,2021-09-01
2021-10-01,106.518,52522.6,36,2021-10-01
2021-11-01,120.793,52552.8,36,2021-11-01
2021-12-01,135.136,52582.0,36,2021-12-01
2022-01-01,150.646,52612.1,36,2022-01-01
2022-02-01,166.976,52642.3,36,2022-02-01
2022-03-01,182.496,52669.5,36,2022-03-01
2022-04-01,200.536,52699.7,36,2022-04-01
2022-05-01,218.759,52728.9,36,2022-05-01
2022-06-01,238.164,52759.1,36,2022-06-01
2022-07-01,257.189,52788.3,36,2022-07-01
2022-08-01,276.728,52818.5,36,2022-08-01
2022-09-01,295.789,52848.6,36,2022-09-01
2022-10-01,313.529,52877.8,36,2022-10-01
2022-11-01,330.994,52908.0,36,2022-11-01
2022-12-01,347.03,52937.2,36,2022-12-01
2023-01-01,2.767,52967.4,37,2023-01-01
2023-02-01,17.766,52997.5,37,2023-02-01
2023-03-01,30.797,53024.8,37,2023-03-01
2023-04-01,44.794,53055.0,37,2023-04-01
2023-05-01,58.051,53084.1,37,2023-05-01
2023-06-01,71.604,53114.3,37,2023-06-01
2023-07-01,84.724,53143.5,37,2023-07-01
2023-08-01,98.437,53173.7,37,2023-08-01
2023-09-01,112.462,53203.9,37,2023-09-01
2023-10-01,126.479,53233.1,37,2023-10-01
2023-11-01,141.571,53263.2,37,2023-11-01
2023-12-01,156.892,53292.4,37,2023-12-01
2024-01-01,173.568,53322.6,37,2024-01-01
2024-02-01,191.151,53352.8,37,2024-02-01
2024-03-01,208.386,53381.0,37,2024-03-01
2024-04-01,227.502,53411.2,37,2024-04-01
2024-05-01,246.429,53440.4,37,2024-05-01
2024-06-01,266.074,53470.5,37,2024-06-01
2024-07-01,284.814,53499.7,37,2024-07-01
2024-08-01,303.584,53529.9,37,2024-08-01
2024-09-01,321.539,53560.1,37,2024-09-01
2024-10-01,338.055,53589.3,37,2024-10-01
2024-11-01,354.247,53619.4,37,2024-11-01
2024-12-01,9.151,53648.6,38,2024-12-01
2025-01-01,23.883,53678.8,38,2025-01-01
2025-02-01,38.082,53709.0,38,2025-02-01
2025-03-01,50.578,53736.2,38,2025-03-01
2025-04-01,64.192,53766.4,38,2025-04-01
2025-05-01,77.289,53795.6,38,2025-05-01
2025-06-01,90.894,53825.8,38,2025-06-01
2025-07-01,104.274,53855.0,38,2025-07-01
2025-08-01,118.475,53885.1,38,2025-08-01
2025-09-01,133.209,53915.3,38,2025-09-01
2025-10-01,148.116,53944.5,38,2025-10-01
2025-11-01,164.313,53974.7,38,2025-11-01
2025-12-01,180.835,54003.9,38,2025-12-01
2026-01-01,198.798,54034.0,38,2026-01-01
2026-02-01,217.577,54064.2,38,2026-02-01
2026-03-01,235.065,54091.5,38,2026-03-01
2026-04-01,254.71,54121.6,38,2026-04-01
2026-05-01,273.658,54150.8,38,2026-05-01
2026-06-01,292.813,54181.0,38,2026-06-01
2026-07-01,310.677,54210.2,38,2026-07-01
2026-08-01,328.283,54240.4,38,2026-08-01
2026-09-01,344.981,54270.5,38,2026-09-01
2026-10-01,0.32,54299.7,39,2026-10-01
2026-11-01,15.427,54329.9,39,2026-11-01
2026-12-01,29.455,54359.1,39,2026-12-01
2027-01-01,43.488,54389.3,39,2027-01-01
2027-02-01,57.205,54419.4,39,2027-02-01
2027-03-01,69.452,54446.7,39,2027-03-01
2027-04-01,82.997,54476.9,39,2027-04-01
2027-05-01,96.233,54506.1,39,2027-05-01
2027-06-01,110.193,54536.2,39,2027-06-01
2027-07-01,124.123,54565.4,39,2027-07-01
2027-08-01,139.1,54595.6,39,2027-08-01
2027-09-01,154.811,54625.8,39,2027-09-01
2027-10-01,170.821,54655.0,39,2027-10-01
2027-11-01,188.257,54685.1,39,2027-11-01
2027-12-01,205.972,54714.3,39,2027-12-01
2028-01-01,225.014,54744.5,39,2028-01-01
2028-02-01,244.545,54774.7,39,2028-02-01
2028-03-01,262.943,54802.9,39,2028-03-01
2028-04-01,282.379,54833.1,39,2028-04-01
2028-05-01,300.652,54862.3,39,2028-05-01
2028-06-01,318.752,54892.4,39,2028-06-01
2028-07-01,335.412,54921.6,39,2028-07-01
2028-08-01,351.743,54951.8,39,2028-08-01
2028-09-01,7.252,54982.0,40,2028-09-01
2028-10-01,21.593,55011.2,40,2028-10-01
2028-11-01,35.866,55041.3,40,2028-11-01
2028-12-01,49.293,55070.5,40,2028-12-01
2029-01-01,62.923,55100.7,40,2029-01-01
2029-02-01,76.458,55130.9,40,2029-02-01
2029-03-01,88.731,55158.1,40,2029-03-01
2029-04-01,102.516,55188.3,40,2029-04-01
2029-05-01,116.195,55217.5,40,2029-05-01
2029-06-01,130.832,55247.7,40,2029-06-01
2029-07-01,145.622,55276.9,40,2029-07-01
2029-08-01,161.678,55307.0,40,2029-08-01
2029-09-01,178.613,55337.2,40,2029-09-01
2029-10-01,195.865,55366.4,40,2029-10-01
2029-11-01,214.515,55396.6,40,2029-11-01
2029-12-01,233.181,55425.8,40,2029-12-01
2030-01-01,252.808,55455.9,40,2030-01-01
2030-02-01,272.404,55486.1,40,2030-02-01
2030-03-01,289.767,55513.4,40,2030-03-01
2030-04-01,308.345,55543.5,40,2030-04-01
2030-05-01,325.516,55572.7,40,2030-05-01
2030-06-01,342.366,55602.9,40,2030-06-01
2030-07-01,357.84,55632.1,40,2030-07-01
2030-08-01,13.065,55662.3,41,2030-08-01
2030-09-01,27.646,55692.4,41,2030-09-01
2030-10-01,41.285,55721.6,41,2030-10-01
2030-11-01,55.044,55751.8,41,2030-11-01
2030-12-01,68.179,55781.0,41,2030-12-01
2031-01-01,81.72,55811.2,41,2031-01-01
2031-02-01,95.382,55841.3,41,2031-02-01
2031-03-01,107.955,55868.6,41,2031-03-01
2031-04-01,122.279,55898.8,41,2031-04-01
2031-05-01,136.684,55928.0,41,2031-05-01
2031-06-01,152.272,55958.1,41,2031-06-01
2031-07-01,168.148,55987.3,41,2031-07-01
2031-08-01,185.441,56017.5,41,2031-08-01
2031-09-01,203.625,56047.7,41,2031-09-01
2031-10-01,221.959,56076.9,41,2031-10-01
2031-11-01,241.428,56107.0,41,2031-11-01
2031-12-01,260.455,56136.2,41,2031-12-01
2032-01-01,279.933,56166.4,41,2032-01-01
2032-02-01,298.882,56196.6,41,2032-02-01
2032-03-01,315.912,56224.8,41,2032-03-01
2032-04-01,333.255,56255.0,41,2032-04-01
2032-05-01,349.179,56284.2,41,2032-05-01
2032-06-01,4.813,56314.3,42,2032-06-01
2032-07-01,19.256,56343.5,42,2032-07-01
2032-08-01,33.611,56373.7,42,2032-08-01
2032-09-01,47.538,56403.9,42,2032-09-01
2032-10-01,60.755,56433.1,42,2032-10-01
2032-11-01,74.297,56463.3,42,2032-11-01
2032-12-01,87.434,56492.4,42,2032-12-01
2033-01-01,101.193,56522.6,42,2033-01-01
2033-02-01,115.295,56552.8,42,2033-02-01
2033-03-01,128.456,56580.0,42,2033-03-01
2033-04-01,143.635,56610.2,42,2033-04-01
2033-05-01,159.057,56639.4,42,2033-05-01
2033-06-01,175.848,56669.6,42,2033-06-01
2033-07-01,192.964,56698.8,42,2033-07-01
2033-08-01,211.494,56728.9,42,2033-08-01
2033-09-01,230.71,56759.1,42,2033-09-01
2033-10-01,249.684,56788.3,42,2033-10-01
2033-11-01,269.315,56818.5,42,2033-11-01
2033-12-01,287.984,56847.7,42,2033-12-01
2034-01-01,306.634,56877.9,42,2034-01-01
2034-02-01,324.445,56908.0,42,2034-02-01
2034-03-01,339.75,56935.3,42,2034-03-01
2034-04-01,355.855,56965.4,42,2034-04-01
2034-05-01,10.685,56994.6,43,2034-05-01
2034-06-01,25.355,57024.8,43,2034-06-01
2034-07-01,39.058,57054.0,43,2034-07-01
2034-08-01,52.859,57084.2,43,2034-08-01
2034-09-01,66.45,57114.4,43,2034-09-01
2034-10-01,79.549,57143.6,43,2034-10-01
2034-11-01,93.181,57173.7,43,2034-11-01
2034-12-01,106.612,57202.9,43,2034-12-01
2035-01-01,120.889,57233.1,43,2035-01-01
2035-02-01,135.724,57263.3,43,2035-02-01
2035-03-01,149.724,57290.5,43,2035-03-01
2035-04-01,166.002,57320.7,43,2035-04-01
2035-05-01,182.605,57349.9,43,2035-05-01
2035-06-01,200.647,57380.0,43,2035-06-01
2035-07-01,218.871,57409.2,43,2035-07-01
2035-08-01,238.274,57439.4,43,2035-08-01
2035-09-01,257.93,57469.6,43,2035-09-01
2035-10-01,276.831,57498.8,43,2035-10-01
2035-11-01,295.889,57529.0,43,2035-11-01
2035-12-01,313.628,57558.2,43,2035-12-01
2036-01-01,331.093,57588.3,43,2036-01-01
2036-02-01,347.652,57618.5,43,2036-02-01
2036-03-01,2.373,57646.7,44,2036-03-01
2036-04-01,17.394,57676.9,44,2036-04-01
2036-05-01,31.355,57706.1,44,2036-05-01
2036-06-01,45.338,57736.3,44,2036-06-01
2036-07-01,58.585,57765.5,44,2036-07-01
2036-08-01,72.133,57795.6,44,2036-08-01
2036-09-01,85.691,57825.8,44,2036-09-01
2036-10-01,98.969,57855.0,44,2036-10-01
2036-11-01,113.005,57885.2,44,2036-11-01
2036-12-01,127.037,57914.4,44,2036-12-01
2037-01-01,142.151,57944.5,44,2037-01-01
2037-02-01,158.023,57974.7,44,2037-02-01
2037-03-01,173.101,58002.0,44,2037-03-01
2037-04-01,190.659,58032.1,44,2037-04-01
2037-05-01,208.481,58061.3,44,2037-05-01
2037-06-01,227.605,58091.5,44,2037-06-01
2037-07-01,246.538,58120.7,44,2037-07-01
2037-08-01,266.187,58150.9,44,2037-08-01
2037-09-01,285.546,58181.0,44,2037-09-01
2037-10-01,303.698,58210.2,44,2037-10-01
2037-11-01,321.65,58240.4,44,2037-11-01
2037-12-01,338.163,58269.6,44,2037-12-01
2038-01-01,354.351,58299.8,44,2038-01-01
2038-02-01,9.737,58329.9,45,2038-02-01
2038-03-01,23.049,58357.2,45,2038-03-01
2038-04-01,37.277,58387.4,45,2038-04-01
2038-05-01,50.675,58416.6,45,2038-05-01
2038-06-01,64.29,58446.7,45,2038-06-01
2038-07-01,77.386,58475.9,45,2038-07-01
2038-08-01,90.99,58506.1,45,2038-08-01
2038-09-01,104.82,58536.3,45,2038-09-01
2038-10-01,118.567,58565.5,45,2038-10-01
2038-11-01,133.298,58595.6,45,2038-11-01
2038-12-01,148.201,58624.8,45,2038-12-01
2039-01-01,164.394,58655.0,45,2039-01-01
2039-02-01,181.478,58685.2,45,2039-02-01
2039-03-01,197.688,58712.4,45,2039-03-01
2039-04-01,216.419,58742.6,45,2039-04-01
2039-05-01,235.14,58771.8,45,2039-05-01
2039-06-01,254.789,58802.0,45,2039-06-01
2039-07-01,273.742,58831.2,45,2039-07-01
2039-08-01,292.903,58861.3,45,2039-08-01
2039-09-01,311.354,58891.5,45,2039-09-01
2039-10-01,328.383,58920.7,45,2039-10-01
2039-11-01,345.083,58950.9,45,2039-11-01
2039-12-01,0.423,58980.1,46,2039-12-01
2040-01-01,15.53,59010.2,46,2040-01-01
2040-02-01,30.017,59040.4,46,2040-02-01
2040-03-01,43.142,59068.6,46,2040-03-01
2040-04-01,56.865,59098.8,46,2040-04-01
2040-05-01,69.987,59128.0,46,2040-05-01
2040-06-01,83.534,59158.2,46,2040-06-01
2040-07-01,96.777,59187.4,46,2040-07-01
2040-08-01,110.75,59217.5,46,2040-08-01
2040-09-01,125.171,59247.7,46,2040-09-01
2040-10-01,139.698,59276.9,46,2040-10-01
2040-11-01,155.435,59307.1,46,2040-11-01
2040-12-01,171.472,59336.3,46,2040-12-01
2041-01-01,188.936,59366.4,46,2041-01-01
2041-02-01,207.278,59396.6,46,2041-02-01
2041-03-01,224.485,59423.9,46,2041-03-01
2041-04-01,244.001,59454.0,46,2041-04-01
2041-05-01,263.03,59483.2,46,2041-05-01
2041-06-01,282.464,59513.4,46,2041-06-01
2041-07-01,300.736,59542.6,46,2041-07-01
2041-08-01,318.836,59572.8,46,2041-08-01
2041-09-01,336.039,59602.9,46,2041-09-01
2041-10-01,351.831,59632.1,46,2041-10-01
2041-11-01,7.342,59662.3,47,2041-11-01
2041-12-01,21.686,59691.5,47,2041-12-01
2042-01-01,35.96,59721.7,47,2042-01-01
2042-02-01,49.831,59751.8,47,2042-02-01
2042-03-01,62.144,59779.1,47,2042-03-01
2042-04-01,75.68,59809.3,47,2042-04-01
2042-05-01,88.826,59838.5,47,2042-05-01
2042-06-01,102.611,59868.6,47,2042-06-01
2042-07-01,116.29,59897.8,47,2042-07-01
2042-08-01,130.928,59928.0,47,2042-08-01
2042-09-01,146.224,59958.2,47,2042-09-01
2042-10-01,161.778,59987.4,47,2042-10-01
2042-11-01,178.716,60017.5,47,2042-11-01
2042-12-01,195.971,60046.7,47,2042-12-01
2043-01-01,214.624,60076.9,47,2043-01-01
2043-02-01,233.921,60107.1,47,2043-02-01
2043-03-01,251.648,60134.3,47,2043-03-01
2043-04-01,271.256,60164.5,47,2043-04-01
2043-05-01,289.871,60193.7,47,2043-05-01
2043-06-01,308.446,60223.9,47,2043-06-01
2043-07-01,325.614,60253.1,47,2043-07-01
2043-08-01,342.46,60283.2,47,2043-08-01
2043-09-01,358.435,60313.4,47,2043-09-01
2043-10-01,13.156,60342.6,48,2043-10-01
2043-11-01,27.737,60372.8,48,2043-11-01
2043-12-01,41.376,60402.0,48,2043-12-01
2044-01-01,55.135,60432.1,48,2044-01-01
2044-02-01,68.708,60462.3,48,2044-02-01
2044-03-01,81.375,60490.5,48,2044-03-01
2044-04-01,95.031,60520.7,48,2044-04-01
2044-05-01,108.503,60549.9,48,2044-05-01
2044-06-01,122.842,60580.1,48,2044-06-01
2044-07-01,137.266,60609.3,48,2044-07-01
2044-08-01,152.878,60639.4,48,2044-08-01
2044-09-01,169.325,60669.6,48,2044-09-01
2044-10-01,186.102,60698.8,48,2044-10-01
2044-11-01,204.314,60729.0,48,2044-11-01
2044-12-01,222.672,60758.2,48,2044-12-01
2045-01-01,242.157,60788.4,48,2045-01-01
2045-02-01,261.821,60818.5,48,2045-02-01
2045-03-01,279.414,60845.8,48,2045-03-01
2045-04-01,298.387,60875.9,48,2045-04-01
2045-05-01,316.017,60905.1,48,2045-05-01
2045-06-01,333.36,60935.3,48,2045-06-01
2045-07-01,349.283,60964.5,48,2045-07-01
2045-08-01,4.915,60994.7,49,2045-08-01
2045-09-01,19.827,61024.8,49,2045-09-01
2045-10-01,33.709,61054.0,49,2045-10-01
2045-11-01,47.635,61084.2,49,2045-11-01
2045-12-01,60.853,61113.4,49,2045-12-01
2046-01-01,74.395,61143.6,49,2046-01-01
2046-02-01,87.973,61173.8,49,2046-02-01
2046-03-01,100.397,61201.0,49,2046-03-01
2046-04-01,114.473,61231.2,49,2046-04-01
2046-05-01,128.559,61260.4,49,2046-05-01
2046-06-01,143.74,61290.5,49,2046-06-01
2046-07-01,159.162,61319.7,49,2046-07-01
2046-08-01,175.953,61349.9,49,2046-08-01
2046-09-01,193.652,61380.1,49,2046-09-01
2046-10-01,211.594,61409.3,49,2046-10-01
2046-11-01,230.806,61439.5,49,2046-11-01
2046-12-01,249.775,61468.6,49,2046-12-01
2047-01-01,269.402,61498.8,49,2047-01-01
2047-02-01,288.683,61529.0,49,2047-02-01
2047-03-01,305.543,61556.2,49,2047-03-01
2047-04-01,323.413,61586.4,49,2047-04-01
2047-05-01,339.842,61615.6,49,2047-05-01
2047-06-01,355.949,61645.8,49,2047-06-01
2047-07-01,10.78,61675.0,50,2047-07-01
2047-08-01,25.451,61705.1,50,2047-08-01
2047-09-01,39.604,61735.3,50,2047-09-01
2047-10-01,52.955,61764.5,50,2047-10-01
2047-11-01,66.546,61794.7,50,2047-11-01
2047-12-01,79.645,61823.9,50,2047-12-01
2048-01-01,93.278,61854.1,50,2048-01-01
2048-02-01,107.164,61884.2,50,2048-02-01
2048-03-01,120.521,61912.4,50,2048-03-01
2048-04-01,135.339,61942.6,50,2048-04-01
2048-05-01,150.344,61971.8,50,2048-05-01
2048-06-01,166.655,62002.0,50,2048-06-01
2048-07-01,183.293,62031.2,50,2048-07-01
2048-08-01,201.369,62061.4,50,2048-08-01
2048-09-01,220.239,62091.5,50,2048-09-01
2048-10-01,239.04,62120.7,50,2048-10-01
2048-11-01,258.698,62150.9,50,2048-11-01
2048-12-01,277.586,62180.1,50,2048-12-01
2049-01-01,296.618,62210.3,50,2049-01-01
2049-02-01,314.9,62240.4,50,2049-02-01
2049-03-01,330.656,62267.7,50,2049-03-01
2049-04-01,347.237,62297.9,50,2049-04-01
2049-05-01,2.475,62327.0,51,2049-05-01
2049-06-01,17.493,62357.2,51,2049-06-01
2049-07-01,31.454,62386.4,51,2049-07-01
2049-08-01,45.436,62416.6,51,2049-08-01
2049-09-01,59.121,62446.8,51,2049-09-01
2049-10-01,72.23,62476.0,51,2049-10-01
2049-11-01,85.787,62506.1,51,2049-11-01
2049-12-01,99.064,62535.3,51,2049-12-01
2050-01-01,113.098,62565.5,51,2050-01-01
2050-02-01,127.607,62595.7,51,2050-02-01
2050-03-01,141.245,62622.9,51,2050-03-01
2050-04-01,157.064,62653.1,51,2050-04-01
2050-05-01,173.191,62682.3,51,2050-05-01
2050-06-01,190.751,62712.5,51,2050-06-01
2050-07-01,208.576,62741.7,51,2050-07-01
2050-08-01,227.704,62771.8,51,2050-08-01
2050-09-01,247.277,62802.0,51,2050-09-01
2050-10-01,266.298,62831.2,51,2050-10-01
2050-11-01,285.662,62861.4,51,2050-11-01
2050-12-01,303.818,62890.6,51,2050-12-01
2051-01-01,321.772,62920.7,51,2051-01-01
2051-02-01,338.82,62950.9,51,2051-02-01
2051-03-01,353.453,62978.1,51,2051-03-01
2051-04-01,8.884,63008.3,52,2051-04-01
2051-05-01,23.164,63037.5,52,2051-05-01
2051-06-01,37.388,63067.7,52,2051-06-01
2051-07-01,50.784,63096.9,52,2051-07-01
2051-08-01,64.396,63127.1,52,2051-08-01
2051-09-01,77.929,63157.2,52,2051-09-01
2051-10-01,91.095,63186.4,52,2051-10-01
2051-11-01,104.925,63216.6,52,2051-11-01
2051-12-01,118.672,63245.8,52,2051-12-01
2052-01-01,133.403,63276.0,52,2052-01-01
2052-02-01,148.814,63306.1,52,2052-02-01
2052-03-01,163.96,63334.4,52,2052-03-01
2052-04-01,181.012,63364.5,52,2052-04-01
2052-05-01,198.376,63393.7,52,2052-05-01
2052-06-01,217.128,63423.9,52,2052-06-01
2052-07-01,235.861,63453.1,52,2052-07-01
2052-08-01,255.512,63483.3,52,2052-08-01
2052-09-01,275.082,63513.4,52,2052-09-01
2052-10-01,293.598,63542.6,52,2052-10-01
2052-11-01,312.025,63572.8,52,2052-11-01
2052-12-01,329.028,63602.0,52,2052-12-01
2053-01-01,345.702,63632.2,52,2053-01-01
2053-02-01,1.518,63662.3,53,2053-02-01
2053-03-01,15.154,63689.6,53,2053-03-01
2053-04-01,29.66,63719.8,53,2053-04-01
2053-05-01,43.246,63749.0,53,2053-05-01
2053-06-01,56.97,63779.1,53,2053-06-01
2053-07-01,70.091,63808.3,53,2053-07-01
2053-08-01,83.638,63838.5,53,2053-08-01
2053-09-01,97.325,63868.7,53,2053-09-01
2053-10-01,110.853,63897.9,53,2053-10-01
2053-11-01,125.276,63928.0,53,2053-11-01
2053-12-01,139.804,63957.2,53,2053-12-01
2054-01-01,155.544,63987.4,53,2054-01-01
2054-02-01,172.132,64017.6,53,2054-02-01
2054-03-01,187.895,64044.8,53,2054-03-01
2054-04-01,206.184,64075.0,53,2054-04-01
2054-05-01,224.598,64104.2,53,2054-05-01
2054-06-01,244.113,64134.4,53,2054-06-01
2054-07-01,263.138,64163.6,53,2054-07-01
2054-08-01,282.568,64193.7,53,2054-08-01
2054-09-01,301.432,64223.9,53,2054-09-01
2054-10-01,318.932,64253.1,53,2054-10-01
2054-11-01,336.132,64283.3,53,2054-11-01
2054-12-01,351.923,64312.5,53,2054-12-01
2055-01-01,7.434,64342.6,54,2055-01-01
2055-02-01,22.247,64372.8,54,2055-02-01
2055-03-01,35.147,64400.1,54,2055-03-01
2055-04-01,49.04,64430.2,54,2055-04-01
2055-05-01,62.24,64459.4,54,2055-05-01
2055-06-01,75.778,64489.6,54,2055-06-01
2055-07-01,88.925,64518.8,54,2055-07-01
2055-08-01,102.71,64549.0,54,2055-08-01
2055-09-01,116.853,64579.1,54,2055-09-01
2055-10-01,131.027,64608.3,54,2055-10-01
2055-11-01,146.323,64638.5,54,2055-11-01
2055-12-01,161.876,64667.7,54,2055-12-01
2056-01-01,178.816,64697.9,54,2056-01-01
2056-02-01,196.663,64728.0,54,2056-02-01
2056-03-01,214.118,64756.3,54,2056-03-01
2056-04-01,233.403,64786.4,54,2056-04-01
2056-05-01,252.398,64815.6,54,2056-05-01
2056-06-01,272.001,64845.8,54,2056-06-01
2056-07-01,290.6,64875.0,54,2056-07-01
2056-08-01,309.147,64905.2,54,2056-08-01
2056-09-01,326.841,64935.3,54,2056-09-01
2056-10-01,343.098,64964.5,54,2056-10-01
2056-11-01,359.042,64994.7,54,2056-11-01
2056-12-01,13.738,65023.9,55,2056-12-01
2057-01-01,28.298,65054.1,55,2057-01-01
2057-02-01,42.371,65084.3,55,2057-02-01
2057-03-01,54.793,65111.5,55,2057-03-01
2057-04-01,68.37,65141.7,55,2057-04-01
2057-05-01,81.474,65170.9,55,2057-05-01
2057-06-01,95.131,65201.0,55,2057-06-01
2057-07-01,108.604,65230.2,55,2057-07-01
2057-08-01,122.944,65260.4,55,2057-08-01
2057-09-01,137.861,65290.6,55,2057-09-01
2057-10-01,152.982,65319.8,55,2057-10-01
2057-11-01,169.428,65349.9,55,2057-11-01
2057-12-01,186.202,65379.1,55,2057-12-01
2058-01-01,204.412,65409.3,55,2058-01-01
2058-02-01,223.39,65439.5,55,2058-02-01
2058-03-01,240.985,65466.7,55,2058-03-01
2058-04-01,260.65,65496.9,55,2058-04-01
2058-05-01,279.512,65526.1,55,2058-05-01
2058-06-01,298.488,65556.3,55,2058-06-01
2058-07-01,316.122,65585.5,55,2058-07-01
2058-08-01,333.466,65615.6,55,2058-08-01
2058-09-01,349.907,65645.8,55,2058-09-01
2058-10-01,5.021,65675.0,56,2058-10-01
2058-11-01,19.932,65705.2,56,2058-11-01
2058-12-01,33.812,65734.4,56,2058-12-01
2059-01-01,47.736,65764.5,56,2059-01-01
2059-02-01,61.39,65794.7,56,2059-02-01
2059-03-01,73.62,65822.0,56,2059-03-01
2059-04-01,87.19,65852.1,56,2059-04-01
2059-05-01,100.494,65881.3,56,2059-05-01
2059-06-01,114.572,65911.5,56,2059-06-01
2059-07-01,128.659,65940.7,56,2059-07-01
2059-08-01,143.843,65970.9,56,2059-08-01
2059-09-01,159.797,66001.0,56,2059-09-01
2059-10-01,176.065,66030.2,56,2059-10-01
2059-11-01,193.768,66060.4,56,2059-11-01
2059-12-01,211.713,66089.6,56,2059-12-01
2060-01-01,230.925,66119.8,56,2060-01-01
2060-02-01,250.527,66150.0,56,2060-02-01
2060-03-01,268.887,66178.2,56,2060-03-01
2060-04-01,288.18,66208.3,56,2060-04-01
2060-05-01,306.238,66237.5,56,2060-05-01
2060-06-01,324.076,66267.7,56,2060-06-01
2060-07-01,340.476,66296.9,56,2060-07-01
2060-08-01,356.555,66327.1,56,2060-08-01
2060-09-01,11.847,66357.3,57,2060-09-01
2060-10-01,26.017,66386.5,57,2060-10-01
2060-11-01,40.156,66416.6,57,2060-11-01
2060-12-01,53.498,66445.8,57,2060-12-01
2061-01-01,67.083,66476.0,57,2061-01-01
2061-02-01,80.619,66506.2,57,2061-02-01
2061-03-01,92.931,66533.4,57,2061-03-01
2061-04-01,106.804,66563.6,57,2061-04-01
2061-05-01,120.612,66592.8,57,2061-05-01
2061-06-01,135.427,66622.9,57,2061-06-01
2061-07-01,150.43,66652.1,57,2061-07-01
2061-08-01,166.741,66682.3,57,2061-08-01
2061-09-01,183.949,66712.5,57,2061-09-01
2061-10-01,201.459,66741.7,57,2061-10-01
2061-11-01,220.334,66771.9,57,2061-11-01
2061-12-01,239.141,66801.1,57,2061-12-01
2062-01-01,258.805,66831.2,57,2062-01-01
2062-02-01,278.322,66861.4,57,2062-02-01
2062-03-01,295.526,66888.6,57,2062-03-01
2062-04-01,313.864,66918.8,57,2062-04-01
2062-05-01,330.772,66948.0,57,2062-05-01
2062-06-01,347.351,66978.2,57,2062-06-01
2062-07-01,2.587,67007.4,58,2062-07-01
2062-08-01,17.603,67037.6,58,2062-08-01
2062-09-01,32.019,67067.7,58,2062-09-01
2062-10-01,45.543,67096.9,58,2062-10-01
2062-11-01,59.229,67127.1,58,2062-11-01
2062-12-01,72.339,67156.3,58,2062-12-01
2063-01-01,85.897,67186.5,58,2063-01-01
2063-02-01,99.622,67216.6,58,2063-02-01
2063-03-01,112.292,67243.9,58,2063-03-01
2063-04-01,126.764,67274.1,58,2063-04-01
2063-05-01,141.355,67303.2,58,2063-05-01
2063-06-01,157.172,67333.4,58,2063-06-01
2063-07-01,173.296,67362.6,58,2063-07-01
2063-08-01,190.853,67392.8,58,2063-08-01
2063-09-01,209.282,67423.0,58,2063-09-01
2063-10-01,227.8,67452.2,58,2063-10-01
2063-11-01,247.372,67482.3,58,2063-11-01
2063-12-01,266.393,67511.5,58,2063-12-01
2064-01-01,285.758,67541.7,58,2064-01-01
2064-02-01,304.509,67571.9,58,2064-02-01
2064-03-01,321.308,67600.1,58,2064-03-01
2064-04-01,338.387,67630.3,58,2064-04-01
2064-05-01,354.066,67659.5,58,2064-05-01
2064-06-01,9.474,67689.6,59,2064-06-01
2064-07-01,23.735,67718.8,59,2064-07-01
2064-08-01,37.944,67749.0,59,2064-08-01
2064-09-01,51.772,67779.2,59,2064-09-01
2064-10-01,64.936,67808.4,59,2064-10-01
2064-11-01,78.469,67838.5,59,2064-11-01
2064-12-01,91.641,67867.7,59,2064-12-01
2065-01-01,105.483,67897.9,59,2065-01-01
2065-02-01,119.714,67928.1,59,2065-02-01
2065-03-01,133.03,67955.3,59,2065-03-01
2065-04-01,148.422,67985.5,59,2065-04-01
2065-05-01,164.081,68014.7,59,2065-05-01
2065-06-01,181.137,68044.9,59,2065-06-01
2065-07-01,198.503,68074.1,59,2065-07-01
2065-08-01,217.254,68104.2,59,2065-08-01
2065-09-01,236.616,68134.4,59,2065-09-01
2065-10-01,255.632,68163.6,59,2065-10-01
2065-11-01,275.198,68193.8,59,2065-11-01
2065-12-01,293.711,68223.0,59,2065-12-01
2066-01-01,312.134,68253.1,59,2066-01-01
2066-02-01,329.686,68283.3,59,2066-02-01
2066-03-01,344.757,68310.6,59,2066-03-01
2066-04-01,0.624,68340.7,60,2066-04-01
2066-05-01,15.255,68369.9,60,2066-05-01
2066-06-01,29.761,68400.1,60,2066-06-01
2066-07-01,43.346,68429.3,60,2066-07-01
2066-08-01,57.068,68459.5,60,2066-08-01
2066-09-01,70.625,68489.6,60,2066-09-01
2066-10-01,83.734,68518.8,60,2066-10-01
2066-11-01,97.42,68549.0,60,2066-11-01
2066-12-01,110.947,68578.2,60,2066-12-01
2067-01-01,125.368,68608.4,60,2067-01-01
2067-02-01,140.392,68638.5,60,2067-02-01
2067-03-01,154.597,68665.8,60,2067-03-01
2067-04-01,171.131,68696.0,60,2067-04-01
2067-05-01,187.996,68725.2,60,2067-05-01
2067-06-01,206.291,68755.3,60,2067-06-01
2067-07-01,224.711,68784.5,60,2067-07-01
2067-08-01,244.229,68814.7,60,2067-08-01
2067-09-01,263.889,68844.9,60,2067-09-01
2067-10-01,282.686,68874.1,60,2067-10-01
2067-11-01,301.548,68904.2,60,2067-11-01
2067-12-01,319.044,68933.4,60,2067-12-01
2068-01-01,336.24,68963.6,60,2068-01-01
2068-02-01,352.541,68993.8,60,2068-02-01
2068-03-01,7.047,69022.0,61,2068-03-01
2068-04-01,21.878,69052.2,61,2068-04-01
2068-05-01,35.698,69081.4,61,2068-05-01
2068-06-01,49.58,69111.5,61,2068-06-01
2068-07-01,62.773,69140.7,61,2068-07-01
2068-08-01,76.31,69170.9,61,2068-08-01
2068-09-01,89.901,69201.1,61,2068-09-01
2068-10-01,103.254,69230.3,61,2068-10-01
2068-11-01,117.41,69260.4,61,2068-11-01
2068-12-01,131.602,69289.6,61,2068-12-01
2069-01-01,146.919,69319.8,61,2069-01-01
2069-02-01,163.03,69350.0,61,2069-02-01
2069-03-01,178.341,69377.2,61,2069-03-01
2069-04-01,196.158,69407.4,61,2069-04-01
2069-05-01,214.201,69436.6,61,2069-05-01
2069-06-01,233.487,69466.8,61,2069-06-01
2069-07-01,252.486,69496.0,61,2069-07-01
2069-08-01,272.093,69526.1,61,2069-08-01
2069-09-01,291.307,69556.3,61,2069-09-01
2069-10-01,309.248,69585.5,61,2069-10-01
2069-11-01,326.943,69615.7,61,2069-11-01
2069-12-01,343.201,69644.9,61,2069-12-01
2070-01-01,359.144,69675.0,61,2070-01-01
